id,title,description,availability,condition,price,link,image_link,brand
PureMatcha-50gram,Pure Matcha 50g,"Pure Matcha 50g dari Homelab cocok untuk membuat matcha latte, usucha, baking, dan racikan matcha premium. Anda mendapatkan pilihan produk yang praktis untuk kebutuhan harian, gifting, atau persiapan minuman di rumah dan cafe. 100% Pure Matcha Bubuk Matcha Murni Tanpa Gula [TIDAK MANIS] Netto: 50g Bubuk matcha murni tanpa campuran apapun — asli, alami, dan tanpa gula. Aroma khasnya sangat kuat dan harum, menghadirkan rasa matcha autentik yang kaya. Penyajian: Untuk minuman: cukup gunakan 3–5g per sajian. Untuk kue: disesuaikan Checkout mudah melalui marketplace resmi Homelab.",in stock,new,69990 IDR,https://www.homelab.co.id/shop/purematcha-50gram,https://cf.shopee.co.id/file/id-11134207-822wh-mnifg1tt1ma011,Homelab
PouchS200gr-Matcha,Sweet Matcha Powder 200g,"Sweet Matcha Powder 200g varian 200g dari Homelab cocok untuk membuat matcha latte, usucha, baking, dan racikan matcha premium. Anda mendapatkan pilihan produk yang praktis untuk kebutuhan harian, gifting, atau persiapan minuman di rumah dan cafe. Bubuk Matcha Premium (Manis) Terbuat dari Matcha pilihan yang diimpor langsung dari Jepang. Kaya akan antioxidant dan terbuat dari bahan natural. Bubuk Matcha sudah dicampur dengan cane sugar asli. Gampang disajikan, 20 gram (1 1/2 sendok) di campur dengan susu UHT/Segar/soy milk secukupnya sesuai selera. Cocok Checkout mudah melalui marketplace resmi Homelab.",in stock,new,89990 IDR,https://www.homelab.co.id/shop/pouchs200gr-matcha,https://cf.shopee.co.id/file/37c356144a77396c2f9fe4fe12822671,Homelab
CR-Matcha-Yuki,Matcha Ceremonial Grade 30g Powder - Yuki,"Matcha Ceremonial Grade 30g Powder varian Yuki dari Homelab cocok untuk membuat matcha latte, usucha, baking, dan racikan matcha premium. Anda mendapatkan pilihan produk yang praktis untuk kebutuhan harian, gifting, atau persiapan minuman di rumah dan cafe. Netto : 30 gram Ceremonial Grade 100% Matcha from Japan How to enjoy ceremonial matcha: - 1.5g or 2/3 teaspoon of matcha powder - 100ml of 75* C warm water - Whisk ingredients above until frothy, smooth & no visible clumps Checkout mudah melalui marketplace resmi Homelab.",in stock,new,135000 IDR,https://www.homelab.co.id/shop/cr-matcha-yuki,https://cf.shopee.co.id/file/id-11134207-7ra0i-mdpr3407kiu036,Homelab
CR-Matcha-Hana,Matcha Ceremonial Grade 30g Powder - Hana,"Matcha Ceremonial Grade 30g Powder varian Hana dari Homelab cocok untuk membuat matcha latte, usucha, baking, dan racikan matcha premium. Anda mendapatkan pilihan produk yang praktis untuk kebutuhan harian, gifting, atau persiapan minuman di rumah dan cafe. Netto : 30 gram Ceremonial Grade 100% Matcha from Japan How to enjoy ceremonial matcha: - 1.5g or 2/3 teaspoon of matcha powder - 100ml of 75* C warm water - Whisk ingredients above until frothy, smooth & no visible clumps Checkout mudah melalui marketplace resmi Homelab.",in stock,new,295000 IDR,https://www.homelab.co.id/shop/cr-matcha-hana,https://cf.shopee.co.id/file/id-11134207-7ra0i-mdpr3407kiu036,Homelab
CR-Matcha-Mori,Matcha Ceremonial Grade 30g Powder - Mori,"Matcha Ceremonial Grade 30g Powder varian Mori dari Homelab cocok untuk membuat matcha latte, usucha, baking, dan racikan matcha premium. Anda mendapatkan pilihan produk yang praktis untuk kebutuhan harian, gifting, atau persiapan minuman di rumah dan cafe. Netto : 30 gram Ceremonial Grade 100% Matcha from Japan How to enjoy ceremonial matcha: - 1.5g or 2/3 teaspoon of matcha powder - 100ml of 75* C warm water - Whisk ingredients above until frothy, smooth & no visible clumps Checkout mudah melalui marketplace resmi Homelab.",in stock,new,450000 IDR,https://www.homelab.co.id/shop/cr-matcha-mori,https://cf.shopee.co.id/file/id-11134207-7ra0i-mdpr3407kiu036,Homelab
Yukata100gr-CrMatcha,Yukata 100% Pure Ceremonial Grade Matcha Po.....,"Yukata 100% Pure Ceremonial Grade Matcha Po..... dari Homelab cocok untuk membuat matcha latte, usucha, baking, dan racikan matcha premium. Anda mendapatkan pilihan produk yang praktis untuk kebutuhan harian, gifting, atau persiapan minuman di rumah dan cafe. Homelab Yukata – 100% Pure Ceremonial Grade Uji Matcha Powder (100g) Origin: Uji, Kyoto – Japan Harvest: 1st & 2nd Cultivar: Yabukita Aroma : Nutty, Fresh and Rich Tea Flavour Nikmati keaslian matcha Uji dalam setiap sendok Homelab Washo. Dibuat dari daun teh pilihan hasil panen pertama dan kedua musim semi, Checkout mudah melalui marketplace resmi Homelab.",in stock,new,169990 IDR,https://www.homelab.co.id/shop/yukata100gr-crmatcha,https://cf.shopee.co.id/file/id-11134207-8224v-mfxp4f3koo3xd6,Homelab
MC-Tenarai,Tenarai Uji Kyoto Ceremonial Matcha High Grad...,"Tenarai Uji Kyoto Ceremonial Matcha High Grad... dari Homelab cocok untuk membuat matcha latte, usucha, baking, dan racikan matcha premium. Anda mendapatkan pilihan produk yang praktis untuk kebutuhan harian, gifting, atau persiapan minuman di rumah dan cafe. Homelab – Tenarai Uji Kyoto Ceremonial Matcha High Grade (20g) Bold • Strong • Versatile Ceremonial matcha dari Uji, Kyoto dengan karakter rasa lebih bold dan kuat. Blend dari cultivar Okumidori, Samidori, dan Yabukita dengan kombinasi 1st & 2nd harvest untuk profil yang lebih tegas, versatile, dan tetap seimbang. Checkout mudah melalui marketplace resmi Homelab.",in stock,new,155900 IDR,https://www.homelab.co.id/shop/mc-tenarai,https://cf.shopee.co.id/file/id-11134207-822wj-mlbuv8tlthq9af,Homelab
MC-Wakamurasaki,Wakamurasaki Matcha 20g,"Wakamurasaki Matcha 20g dari Homelab cocok untuk membuat matcha latte, usucha, baking, dan racikan matcha premium. Anda mendapatkan pilihan produk yang praktis untuk kebutuhan harian, gifting, atau persiapan minuman di rumah dan cafe. Homelab – Wakamurasaki Uji Kyoto Ceremonial Matcha (20g) Balanced • Clean • Versatile Wakamurasaki adalah ceremonial matcha dari Uji, Kyoto – Jepang dengan karakter rasa seimbang, clean, dan mudah dinikmati. Menggunakan blend cultivar Okumidori, Samidori, dan Yabukita dengan 1st harvest (Ichibancha) untuk menghasil Checkout mudah melalui marketplace resmi Homelab.",in stock,new,187000 IDR,https://www.homelab.co.id/shop/mc-wakamurasaki,https://cf.shopee.co.id/file/id-11134207-822wo-mlbuy4czri837f,Homelab
Toples200gr-PureMatcha,Pure Uji Matcha 200g,"Pure Uji Matcha 200g dari Homelab cocok untuk membuat matcha latte, usucha, baking, dan racikan matcha premium. Anda mendapatkan pilihan produk yang praktis untuk kebutuhan harian, gifting, atau persiapan minuman di rumah dan cafe. 100% Pure Matcha from Uji Japan.Netto: 200gTanpa campuran, Asli pure matcha!Tidak manis & Tanpa gula!Penyajian untuk minuman hanya perlu 5gram perserving, Untuk pembuatan kue tergantung resep.Aroma sangat kuat dan sangat harum!Cocok buat diminum langsung seduh dengan air panas & buat menu makanan / buat kue.Manfaat Mat Checkout mudah melalui marketplace resmi Homelab.",in stock,new,267890 IDR,https://www.homelab.co.id/shop/toples200gr-purematcha,https://p16-oec-sg.ibyteimg.com/tos-alisg-i-aphluv4xwc-sg/img/VqbcmM/2022/2/17/41235ce0-c0d3-4898-8e97-051961f19861.png~tplv-aphluv4xwc-origin-jpeg.jpeg?dr=15568&from=520841845&height=1080&idc=my&ps=933b5bde&shcp=2c1af732&shp=1f0b6a75&t=555f072d&width=1080,Homelab
MC-Ujinoko,Ujinoko Matcha 20g,"Ujinoko Matcha 20g dari Homelab cocok untuk membuat matcha latte, usucha, baking, dan racikan matcha premium. Anda mendapatkan pilihan produk yang praktis untuk kebutuhan harian, gifting, atau persiapan minuman di rumah dan cafe. Homelab – Ujinoko Uji Kyoto Premium Ceremonial Matcha (20g) Deep Umami • Elegant • Layered Ujinoko adalah premium ceremonial matcha dari Uji, Kyoto – Jepang dengan karakter rasa deep umami, elegan, dan berlapis. Menggunakan blend cultivar Okumidori, Samidori, dan Yabukita dengan 1st harvest (Ichibancha) untuk mengh Checkout mudah melalui marketplace resmi Homelab.",in stock,new,225000 IDR,https://www.homelab.co.id/shop/mc-ujinoko,https://cf.shopee.co.id/file/id-11134207-822wh-mlbv7lvm4lj6d1,Homelab
BD3Pouch200gr-MatchaHojiChoco,Paket Bubuk Matcha / Chocolate / Hojicha - Paket 3 Bungkus,"Paket Bubuk Matcha / Chocolate / Hojicha varian Paket 3 Bungkus dari Homelab cocok untuk membuat matcha latte, usucha, baking, dan racikan matcha premium. Anda mendapatkan pilihan produk yang praktis untuk kebutuhan harian, gifting, atau persiapan minuman di rumah dan cafe. Normal 3 bungkus x 85.000 = 285.000 Bubuk Matcha Premium Terbuat dari Matcha pilihan yang diimpor langsung dari Jepang. Kaya akan antioxidant dan terbuat dari bahan natural. Bubuk Matcha sudah dicampur dengan cane sugar asli. Gampang disajikan, 20gram (1 1/2sendok) di campur dengan susu UHT/Segar/soy milk secukupn Checkout mudah melalui marketplace resmi Homelab.",out of stock,new,350000 IDR,https://www.homelab.co.id/shop/bd3pouch200gr-matchahojichoco,https://cf.shopee.co.id/file/b6b76928d9d332b514145d7764efffb4,Homelab
MC-Okumidori-1,Okumidori 1.0 Uji Kyoto Ceremonial Matcha H...,"Okumidori 1.0 Uji Kyoto Ceremonial Matcha H... dari Homelab cocok untuk membuat matcha latte, usucha, baking, dan racikan matcha premium. Anda mendapatkan pilihan produk yang praktis untuk kebutuhan harian, gifting, atau persiapan minuman di rumah dan cafe. Homelab – Okumidori 1.0 Uji Kyoto Ceremonial Matcha High Grade Round • Nutty-Sweet • Creamy Ceremonial matcha high grade dari Uji, Kyoto – Jepang, menggunakan cultivar Okumidori pilihan dengan panen pertama (Ichibancha). Memiliki karakter rasa lembut, creamy, manis alami dengan umami seimbang dan astringency rendah Checkout mudah melalui marketplace resmi Homelab.",in stock,new,300000 IDR,https://www.homelab.co.id/shop/mc-okumidori-1,https://cf.shopee.co.id/file/id-11134207-822wk-mlbuv8tluwap62,Homelab
PouchS1KG-Matcha,Sweet Matcha Powder 1kg,"Sweet Matcha Powder 1kg dari Homelab cocok untuk membuat matcha latte, usucha, baking, dan racikan matcha premium. Anda mendapatkan pilihan produk yang praktis untuk kebutuhan harian, gifting, atau persiapan minuman di rumah dan cafe. Versi Ekonomis 1 KG Cocok untuk usaha Cafe / Resto / Pemakaian pribadi Bubuk Matcha Premium (Manis) Terbuat dari Matcha pilihan yang diimpor langsung dari Jepang. Kaya akan antioxidant dan terbuat dari bahan natural. Bubuk Matcha sudah dicampur dengan cane sugar asli. Gampang disajikan, 20 gram (1 1/2 sendok) di Checkout mudah melalui marketplace resmi Homelab.",in stock,new,385990 IDR,https://www.homelab.co.id/shop/pouchs1kg-matcha,https://p16-oec-va.ibyteimg.com/tos-maliva-i-o3syd03w52-us/485e7cb8b95e46c098ad71f7f288ec0f~tplv-o3syd03w52-origin-jpeg.jpeg?dr=15568&from=520841845&height=1080&idc=my&ps=933b5bde&shcp=2c1af732&shp=1f0b6a75&t=555f072d&width=1080,Homelab
BD2Toples100gr-PureMatchaPureHojicha,Pure Uji Matcha & Pure Hojicha 100g - Paket...,"Pure Uji Matcha & Pure Hojicha 100g - Paket... dari Homelab cocok untuk membuat matcha latte, usucha, baking, dan racikan matcha premium. Anda mendapatkan pilihan produk yang praktis untuk kebutuhan harian, gifting, atau persiapan minuman di rumah dan cafe. Pure Uji Matcha & Pure Hojicha - Paket Bundle (No sugar / tidak manis) Cocok buat diminum langsung seduh dengan air panas & buat menu makanan / buat kue. Pure Uji Matcha Nett Weight: 95+ gram Pure Hojicha Nett Weight 95+gram Manfaat Matcha Asli: - Memiliki Antioksidan 137x lebih tinggi dari teh hijau lainnya. - Checkout mudah melalui marketplace resmi Homelab.",in stock,new,435990 IDR,https://www.homelab.co.id/shop/bd2toples100gr-purematchapurehojicha,https://cf.shopee.co.id/file/70abf1271dd579d8f4c140bccd53498f,Homelab
Washo100gr-CRMatcha,Washo 100% Organic Pure Ceremonial Grade Ma... - 100g,"Washo 100% Organic Pure Ceremonial Grade Ma... varian 100g dari Homelab cocok untuk membuat matcha latte, usucha, baking, dan racikan matcha premium. Anda mendapatkan pilihan produk yang praktis untuk kebutuhan harian, gifting, atau persiapan minuman di rumah dan cafe. Homelab Washo 100% Organic Pure Ceremonial Grade Matcha Powder - Bubuk Minuman Matcha Nikmati kelezatan dan manfaat luar biasa dari matcha asli dengan Homelab Washo. Bubuk minuman matcha ini 100% organik, ceremonial grade, dan dibuat dari daun teh Yabukita yang dipanen pada musim semi dan awal musim panas. Spesifikas Checkout mudah melalui marketplace resmi Homelab.",out of stock,new,510000 IDR,https://www.homelab.co.id/shop/washo100gr-crmatcha,https://p16-oec-sg.ibyteimg.com/tos-alisg-i-aphluv4xwc-sg/849fbef23a0949d787d7ebf05257530b~tplv-aphluv4xwc-origin-jpeg.jpeg?dr=15568&from=520841845&height=850&idc=my&ps=933b5bde&shcp=2c1af732&shp=1f0b6a75&t=555f072d&width=680,Homelab
Washo500gr-CRMatcha,Washo 100% Organic Pure Ceremonial Grade Ma... - 500g,"Washo 100% Organic Pure Ceremonial Grade Ma... varian 500g dari Homelab cocok untuk membuat matcha latte, usucha, baking, dan racikan matcha premium. Anda mendapatkan pilihan produk yang praktis untuk kebutuhan harian, gifting, atau persiapan minuman di rumah dan cafe. Homelab Washo 100% Organic Pure Ceremonial Grade Matcha Powder - Bubuk Minuman Matcha Nikmati kelezatan dan manfaat luar biasa dari matcha asli dengan Homelab Washo. Bubuk minuman matcha ini 100% organik, ceremonial grade, dan dibuat dari daun teh Yabukita yang dipanen pada musim semi dan awal musim panas. Spesifikas Checkout mudah melalui marketplace resmi Homelab.",out of stock,new,2850000 IDR,https://www.homelab.co.id/shop/washo500gr-crmatcha,https://p16-oec-sg.ibyteimg.com/tos-alisg-i-aphluv4xwc-sg/849fbef23a0949d787d7ebf05257530b~tplv-aphluv4xwc-origin-jpeg.jpeg?dr=15568&from=520841845&height=850&idc=my&ps=933b5bde&shcp=2c1af732&shp=1f0b6a75&t=555f072d&width=680,Homelab
Washo1Kg-CRMatcha,Washo 100% Organic Pure Ceremonial Grade Ma... - 1kg,"Washo 100% Organic Pure Ceremonial Grade Ma... varian 1kg dari Homelab cocok untuk membuat matcha latte, usucha, baking, dan racikan matcha premium. Anda mendapatkan pilihan produk yang praktis untuk kebutuhan harian, gifting, atau persiapan minuman di rumah dan cafe. Homelab Washo 100% Organic Pure Ceremonial Grade Matcha Powder - Bubuk Minuman Matcha Nikmati kelezatan dan manfaat luar biasa dari matcha asli dengan Homelab Washo. Bubuk minuman matcha ini 100% organik, ceremonial grade, dan dibuat dari daun teh Yabukita yang dipanen pada musim semi dan awal musim panas. Spesifikas Checkout mudah melalui marketplace resmi Homelab.",out of stock,new,5550000 IDR,https://www.homelab.co.id/shop/washo1kg-crmatcha,https://p16-oec-sg.ibyteimg.com/tos-alisg-i-aphluv4xwc-sg/849fbef23a0949d787d7ebf05257530b~tplv-aphluv4xwc-origin-jpeg.jpeg?dr=15568&from=520841845&height=850&idc=my&ps=933b5bde&shcp=2c1af732&shp=1f0b6a75&t=555f072d&width=680,Homelab
MC-Samidori-2,Samidori 2.0 Uji Kyoto Ceremonial Matcha Ul.....,"Samidori 2.0 Uji Kyoto Ceremonial Matcha Ul..... dari Homelab cocok untuk membuat matcha latte, usucha, baking, dan racikan matcha premium. Anda mendapatkan pilihan produk yang praktis untuk kebutuhan harian, gifting, atau persiapan minuman di rumah dan cafe. Homelab – Samidori 2.0 Uji Kyoto Ceremonial Matcha Ultra Premium (20g) Balance • Clean • Refined Samidori 2.0 adalah ceremonial matcha ultra premium dari Uji, Kyoto – Jepang. Menggunakan single cultivar Samidori pilihan dengan panen pertama (Ichibancha), menghasilkan karakter rasa yang sangat bersih, balance, dan e Checkout mudah melalui marketplace resmi Homelab.",in stock,new,481000 IDR,https://www.homelab.co.id/shop/mc-samidori-2,https://cf.shopee.co.id/file/id-11134207-822wp-mlbuv8tlxpfl1a,Homelab
MC-Samidori-1,Samidori Matcha 20g,"Samidori Matcha 20g dari Homelab cocok untuk membuat matcha latte, usucha, baking, dan racikan matcha premium. Anda mendapatkan pilihan produk yang praktis untuk kebutuhan harian, gifting, atau persiapan minuman di rumah dan cafe. Homelab – Samidori 1.0 Uji Kyoto Premium Ceremonial Matcha (20g) Ultra Smooth • Deep Umami • Elegant Samidori 1.0 adalah premium ceremonial matcha dari Uji, Kyoto – Jepang dengan karakter ultra smooth, deep umami, dan elegan. Menggunakan single cultivar Samidori dengan 1st harvest (Ichibancha) untuk menghasilkan ra Checkout mudah melalui marketplace resmi Homelab.",in stock,new,638000 IDR,https://www.homelab.co.id/shop/mc-samidori-1,https://cf.shopee.co.id/file/id-11134207-822wg-mlbv7lvm603me2,Homelab
Pouch1KG-PureMatcha,Pure Uji Matcha 1kg,"Pure Uji Matcha 1kg dari Homelab cocok untuk membuat matcha latte, usucha, baking, dan racikan matcha premium. Anda mendapatkan pilihan produk yang praktis untuk kebutuhan harian, gifting, atau persiapan minuman di rumah dan cafe. Dipacking dengan standing pouch. 100% Pure Matcha from Uji Japan. Netto: 1kg Tanpa campuran, Asli pure matcha! Tidak manis & Tanpa gula! Penyajian untuk minuman hanya perlu 5gram perserving, Untuk pembuatan kue tergantung resep. Aroma sangat kuat dan sangat harum! Cocok buat diminum langsung seduh dengan air pan Checkout mudah melalui marketplace resmi Homelab.",in stock,new,1299800 IDR,https://www.homelab.co.id/shop/pouch1kg-purematcha,https://cf.shopee.co.id/file/a8d078767428d183af24d25082e932e4,Homelab
shopee-48152593513,100% Pure Matcha 1KG,"100% Pure Matcha 1KG dari Homelab cocok untuk membuat matcha latte, usucha, baking, dan racikan matcha premium. Anda mendapatkan pilihan produk yang praktis untuk kebutuhan harian, gifting, atau persiapan minuman di rumah dan cafe. Produk ditemukan dari file media Shopee. Harga dan varian belum tersedia di file ini. Checkout mudah melalui marketplace resmi Homelab.",out of stock,new,,https://www.homelab.co.id/shop/shopee-48152593513,https://cf.shopee.co.id/file/id-11134207-8224x-mhu5u9f4i1hi56,Homelab
shopee-6158018179,"100% Pure Uji Matcha, 100% Pure Hojicha & 1.....","100% Pure Uji Matcha, 100% Pure Hojicha & 1..... dari Homelab cocok untuk membuat matcha latte, usucha, baking, dan racikan matcha premium. Anda mendapatkan pilihan produk yang praktis untuk kebutuhan harian, gifting, atau persiapan minuman di rumah dan cafe. Produk ditemukan dari file media Shopee. Harga dan varian belum tersedia di file ini. Checkout mudah melalui marketplace resmi Homelab.",out of stock,new,,https://www.homelab.co.id/shop/shopee-6158018179,https://cf.shopee.co.id/file/c3116bac75966f9d07b613712fd7e0d1,Homelab
shopee-5458016962,"100% Pure Uji Matcha, 100% Pure Hojicha & 1.....","100% Pure Uji Matcha, 100% Pure Hojicha & 1..... dari Homelab cocok untuk membuat matcha latte, usucha, baking, dan racikan matcha premium. Anda mendapatkan pilihan produk yang praktis untuk kebutuhan harian, gifting, atau persiapan minuman di rumah dan cafe. Produk ditemukan dari file media Shopee. Harga dan varian belum tersedia di file ini. Checkout mudah melalui marketplace resmi Homelab.",out of stock,new,646800 IDR,https://www.homelab.co.id/shop/shopee-5458016962,https://cf.shopee.co.id/file/9a56da112400f0e2ed555a50697b864e,Homelab
shopee-4641539590,Paket Gift Box Bubuk Matcha / Hojicha / Cho...,"Paket Gift Box Bubuk Matcha / Hojicha / Cho... dari Homelab cocok untuk membuat matcha latte, usucha, baking, dan racikan matcha premium. Anda mendapatkan pilihan produk yang praktis untuk kebutuhan harian, gifting, atau persiapan minuman di rumah dan cafe. Produk ditemukan dari file media Shopee. Harga dan varian belum tersedia di file ini. Checkout mudah melalui marketplace resmi Homelab.",out of stock,new,,https://www.homelab.co.id/shop/shopee-4641539590,https://cf.shopee.co.id/file/4435aefc8d093b658781689cbcd619f7,Homelab
shopee-3649295448,Promo Beli Matcha Powder 2 Bungkus - Gratis...,"Promo Beli Matcha Powder 2 Bungkus - Gratis... dari Homelab cocok untuk membuat matcha latte, usucha, baking, dan racikan matcha premium. Anda mendapatkan pilihan produk yang praktis untuk kebutuhan harian, gifting, atau persiapan minuman di rumah dan cafe. Produk ditemukan dari file media Shopee. Harga dan varian belum tersedia di file ini. Checkout mudah melalui marketplace resmi Homelab.",out of stock,new,,https://www.homelab.co.id/shop/shopee-3649295448,https://cf.shopee.co.id/file/e2424381abd61d0c42e84525f1cba79e,Homelab
shopee-5135960572,Pure Uji Matcha,"Pure Uji Matcha dari Homelab cocok untuk membuat matcha latte, usucha, baking, dan racikan matcha premium. Anda mendapatkan pilihan produk yang praktis untuk kebutuhan harian, gifting, atau persiapan minuman di rumah dan cafe. Produk ditemukan dari file media Shopee. Harga dan varian belum tersedia di file ini. Checkout mudah melalui marketplace resmi Homelab.",out of stock,new,145990 IDR,https://www.homelab.co.id/shop/shopee-5135960572,https://cf.shopee.co.id/file/ce190f50fcfb4d673547b540527a373f,Homelab
shopee-3951377923,Pure Uji Matcha & 100% Dark Chocolate Powde...,"Pure Uji Matcha & 100% Dark Chocolate Powde... dari Homelab cocok untuk membuat matcha latte, usucha, baking, dan racikan matcha premium. Anda mendapatkan pilihan produk yang praktis untuk kebutuhan harian, gifting, atau persiapan minuman di rumah dan cafe. Produk ditemukan dari file media Shopee. Harga dan varian belum tersedia di file ini. Checkout mudah melalui marketplace resmi Homelab.",out of stock,new,,https://www.homelab.co.id/shop/shopee-3951377923,https://cf.shopee.co.id/file/3a0794c88f9c09295f0281d71ca38079,Homelab
shopee-23649909534,Washo 100% Organic Pure Ceremonial Grade Ma.....,"Washo 100% Organic Pure Ceremonial Grade Ma..... dari Homelab cocok untuk membuat matcha latte, usucha, baking, dan racikan matcha premium. Anda mendapatkan pilihan produk yang praktis untuk kebutuhan harian, gifting, atau persiapan minuman di rumah dan cafe. Produk ditemukan dari file media Shopee. Harga dan varian belum tersedia di file ini. Checkout mudah melalui marketplace resmi Homelab.",out of stock,new,,https://www.homelab.co.id/shop/shopee-23649909534,https://cf.shopee.co.id/file/id-11134207-7qul4-ljuu1ptgyhxf3e,Homelab
shopee-42124341181,"Yukata 100% 1kg, Pure Ceremonial Grade Matc...","Yukata 100% 1kg, Pure Ceremonial Grade Matc... dari Homelab cocok untuk membuat matcha latte, usucha, baking, dan racikan matcha premium. Anda mendapatkan pilihan produk yang praktis untuk kebutuhan harian, gifting, atau persiapan minuman di rumah dan cafe. Produk ditemukan dari file media Shopee. Harga dan varian belum tersedia di file ini. Checkout mudah melalui marketplace resmi Homelab.",out of stock,new,,https://www.homelab.co.id/shop/shopee-42124341181,https://cf.shopee.co.id/file/id-11134207-82252-mfv4qdlaxmvhf9,Homelab
Toples-50gr-DarkChoco,98% Dark Chocolate Powder / Bubuk Coklat As..... - Toples 50 GR,"98% Dark Chocolate Powder / Bubuk Coklat As..... varian Toples 50 GR dari Homelab cocok untuk membuat minuman cafe-style dengan rasa konsisten dan mudah disajikan. Anda mendapatkan pilihan produk yang praktis untuk kebutuhan harian, gifting, atau persiapan minuman di rumah dan cafe. 100% Dark Chocolate Powder / Bubuk Coklat Asli Premium (No sugar / tidak manis) Nett Weight : 50g Made in Holland Manfaat 100% Dark Chocolate: - Tinggi akan antioksidan yg berfungsi menangkal radikal bebas penyebab penuaan dini. - Menurunkan tekanan darah dan mencegah penyakit jantung. - Mencegah diabetes Checkout mudah melalui marketplace resmi Homelab.",in stock,new,38990 IDR,https://www.homelab.co.id/shop/toples-50gr-darkchoco,https://cf.shopee.co.id/file/id-11134207-8224r-ml4q1d53b2ffe9,Homelab
Pouch50gr-DarkChoco,98% Dark Chocolate Powder / Bubuk Coklat As..... - Pouch 50 GR,"98% Dark Chocolate Powder / Bubuk Coklat As..... varian Pouch 50 GR dari Homelab cocok untuk membuat minuman cafe-style dengan rasa konsisten dan mudah disajikan. Anda mendapatkan pilihan produk yang praktis untuk kebutuhan harian, gifting, atau persiapan minuman di rumah dan cafe. 100% Dark Chocolate Powder / Bubuk Coklat Asli Premium (No sugar / tidak manis) Nett Weight : 50g Made in Holland Manfaat 100% Dark Chocolate: - Tinggi akan antioksidan yg berfungsi menangkal radikal bebas penyebab penuaan dini. - Menurunkan tekanan darah dan mencegah penyakit jantung. - Mencegah diabetes Checkout mudah melalui marketplace resmi Homelab.",in stock,new,33990 IDR,https://www.homelab.co.id/shop/pouch50gr-darkchoco,https://cf.shopee.co.id/file/id-11134207-8224r-ml4q1d53b2ffe9,Homelab
Pouch50gr-Chocolate,Bubuk Coklat / Powder Chocolate - 50G,"Bubuk Coklat / Powder Chocolate - 50G dari Homelab cocok untuk membuat minuman cafe-style dengan rasa konsisten dan mudah disajikan. Anda mendapatkan pilihan produk yang praktis untuk kebutuhan harian, gifting, atau persiapan minuman di rumah dan cafe. Bubuk Coklat Premium ( Sudah manis, ada gula dan krimer ) Isi : 50 gram ( kemasan kecil ) Tanpa pengawet dan pemanis buatan. Gampang disajikan, 20gram (2 sendok) bubuk dicampur dengan susu UHT/Segar/soy milk secukupnya sesuai selera. Cocok untuk minuman dingin dan hangat, bisa juga sebagai bahan baku untuk kue. Checkout mudah melalui marketplace resmi Homelab.",in stock,new,60000 IDR,https://www.homelab.co.id/shop/pouch50gr-chocolate,https://p16-oec-va.ibyteimg.com/tos-maliva-i-o3syd03w52-us/a92f8748b2ab4a7381c81c596fc56bf0~tplv-o3syd03w52-origin-jpeg.jpeg?dr=15568&from=520841845&height=1080&idc=my&ps=933b5bde&shcp=2c1af732&shp=1f0b6a75&t=555f072d&width=1080,Homelab
Pouch50gr-PureTaro,Pure Taro / Talas 50 Gram,"Pure Taro / Talas 50 Gram dari Homelab cocok untuk membuat minuman cafe-style dengan rasa konsisten dan mudah disajikan. Anda mendapatkan pilihan produk yang praktis untuk kebutuhan harian, gifting, atau persiapan minuman di rumah dan cafe. Pure Taro Premium (No sugar / tidak manis) Nett Weight : 50 gram Grounded Taro root with hint of vanilla Dapat digunakan untuk bahan pembuatan kue ? Cookies. Cara seduh Pure Taro untuk dijadikan minuman: - Gunakan 10-15gram (2-3 sendok teh). - Larutkan dengan 30ml air panas. - Tuang 120ml susu atau soya - Tamb Checkout mudah melalui marketplace resmi Homelab.",in stock,new,60000 IDR,https://www.homelab.co.id/shop/pouch50gr-puretaro,https://p16-oec-va.ibyteimg.com/tos-maliva-i-o3syd03w52-us/89c682319bb84341a6e85acf5924c514~tplv-o3syd03w52-origin-jpeg.jpeg?dr=15568&from=520841845&height=1080&idc=my&ps=933b5bde&shcp=2c1af732&shp=1f0b6a75&t=555f072d&width=1080,Homelab
Toples100gr-PureTaro,Pure Taro - 100G / Talas,"Pure Taro - 100G / Talas dari Homelab cocok untuk membuat minuman cafe-style dengan rasa konsisten dan mudah disajikan. Anda mendapatkan pilihan produk yang praktis untuk kebutuhan harian, gifting, atau persiapan minuman di rumah dan cafe. Pure Taro Premium (No sugar / tidak manis) Nett Weight : 100g Grounded Taro root with hint of vanilla Dapat digunakan untuk bahan pembuatan kue ? Cookies. Cara seduh Pure Taro untuk dijadikan minuman: - Gunakan 10-15gram (2-3 sendok teh). - Larutkan dengan 30ml air panas. - Tuang 120ml susu atau soya - Tambah Checkout mudah melalui marketplace resmi Homelab.",in stock,new,80000 IDR,https://www.homelab.co.id/shop/toples100gr-puretaro,https://p16-oec-va.ibyteimg.com/tos-maliva-i-o3syd03w52-us/d20f54aa852a4878bcf46fd345770040~tplv-o3syd03w52-origin-jpeg.jpeg?dr=15568&from=520841845&height=1080&idc=my&ps=933b5bde&shcp=2c1af732&shp=1f0b6a75&t=555f072d&width=1080,Homelab
PouchS200gr-TaroLatte,Bubuk Minuman Taro Latte Premium Powder 200G,"Bubuk Minuman Taro Latte Premium Powder 200G dari Homelab cocok untuk membuat minuman cafe-style dengan rasa konsisten dan mudah disajikan. Anda mendapatkan pilihan produk yang praktis untuk kebutuhan harian, gifting, atau persiapan minuman di rumah dan cafe. Bubuk Minuman TARO / UBE LATTE Premium 200g (Manis) Taro Latte Homelab terbuat dari ekstrak Umbi Talas Ungu pilihan yang dicampur dengan coconut creamer yang menghasilkan aroma talas yang khas dan rasa yang sangat gurih, manis dengan terasa sedikit aroma vanilla. Enak diseduh dengan susu dan susu kedelai. Cara sedu Checkout mudah melalui marketplace resmi Homelab.",out of stock,new,85000 IDR,https://www.homelab.co.id/shop/pouchs200gr-tarolatte,https://p16-oec-sg.ibyteimg.com/tos-alisg-i-aphluv4xwc-sg/b0b0918a7f6c4d3c8bf6c8e3a33649c2~tplv-aphluv4xwc-origin-jpeg.jpeg?dr=15568&from=520841845&height=1080&idc=my&ps=933b5bde&shcp=2c1af732&shp=1f0b6a75&t=555f072d&width=1080,Homelab
CoconutCreamer700gr,Coconut Creamer Organik 700g,"Coconut Creamer Organik 700g dari Homelab cocok untuk membuat minuman cafe-style dengan rasa konsisten dan mudah disajikan. Anda mendapatkan pilihan produk yang praktis untuk kebutuhan harian, gifting, atau persiapan minuman di rumah dan cafe. Tingkatkan pengalaman minuman Anda dengan Coconut Creamer Organik kami. Dengan berat 700 gram, krim ini adalah tambahan sempurna untuk segala jenis minuman. Dibuat dari kelapa organik pilihan, creamer ini mudah bercampur dengan kopi, teh, atau smoothie Anda, menghadirkan tekstur yang lembut dan creamy dengan sedikit ra Checkout mudah melalui marketplace resmi Homelab.",out of stock,new,59990 IDR,https://www.homelab.co.id/shop/coconutcreamer700gr,https://p16-oec-va.ibyteimg.com/tos-maliva-i-o3syd03w52-us/bd89c060aee84897a85adb0720ae1b43~tplv-o3syd03w52-origin-jpeg.jpeg?dr=15568&from=520841845&height=700&idc=my&ps=933b5bde&shcp=2c1af732&shp=1f0b6a75&t=555f072d&width=700,Homelab
PouchS200gr-Chocolate-1731183877930780228,Bubuk Coklat / Powder Chocolate - 200g,"Bubuk Coklat / Powder Chocolate - 200g dari Homelab cocok untuk membuat minuman cafe-style dengan rasa konsisten dan mudah disajikan. Anda mendapatkan pilihan produk yang praktis untuk kebutuhan harian, gifting, atau persiapan minuman di rumah dan cafe. Bubuk Coklat Premium Terbuat dari bahan coklat pilihan dari pulau Jawa. Kaya akan antioxidant, zat besi, magnesium dan kalsium. Bubuk coklat sudah dicampur dengan cane sugar asli. Gampang disajikan, 30gram (2 sendok) bubuk dicampur dengan susu UHT/Segar/soy milk secukupnya sesuai selera. Cocok untuk minuman dingin Checkout mudah melalui marketplace resmi Homelab.",in stock,new,88990 IDR,https://www.homelab.co.id/shop/bubuk-coklat-powder-chocolate-200g-80228-pouchs200gr-chocolate,https://cf.shopee.co.id/file/d4aa33b33101fc4376bfe5206b4d3e35,Homelab
PouchS200gr-Chocolate-1729667865706138180,Bubuk Coklat / Powder Chocolate - 200G,"Bubuk Coklat / Powder Chocolate - 200G dari Homelab cocok untuk membuat minuman cafe-style dengan rasa konsisten dan mudah disajikan. Anda mendapatkan pilihan produk yang praktis untuk kebutuhan harian, gifting, atau persiapan minuman di rumah dan cafe. Bubuk Coklat Premium (Manis, mengandung gula dan krimer) Terbuat dari bahan coklat pilihan dari pulau Jawa. Tanpa pemanis buatan dan pengawet. Gampang disajikan, 20gram (2 sendok) bubuk dicampur dengan susu UHT/Segar/soy milk secukupnya sesuai selera. Cocok untuk minuman dingin dan hangat, bisa juga sebagai bahan Checkout mudah melalui marketplace resmi Homelab.",in stock,new,88990 IDR,https://www.homelab.co.id/shop/bubuk-coklat-powder-chocolate-200g-38180-pouchs200gr-chocolate,https://cf.shopee.co.id/file/d4aa33b33101fc4376bfe5206b4d3e35,Homelab
PouchS200gr-BananaLatte,Bubuk Minuman BANANA LATTE - Premium Drink...... - 200g,"Bubuk Minuman BANANA LATTE - Premium Drink...... varian 200g dari Homelab cocok untuk membuat minuman cafe-style dengan rasa konsisten dan mudah disajikan. Anda mendapatkan pilihan produk yang praktis untuk kebutuhan harian, gifting, atau persiapan minuman di rumah dan cafe. Bubuk Minuman Banana / Pisang Latte - Halal Dapatkan rasa manis lembut dan aroma legit pisang berkualitas dalam gelas. Enak diseduh dengan susu dan susu kedelai. Cara seduh Banana latte dingin: - Gunakan 20g bubuk Banana (1 sampai 2 sendok makan) - Aduk dengan 20ml air panas supaya larut. - Tuang susu / soy milk Checkout mudah melalui marketplace resmi Homelab.",out of stock,new,95000 IDR,https://www.homelab.co.id/shop/pouchs200gr-bananalatte,https://cf.shopee.co.id/file/0ae788146b062e01b5c46354aec9a6b7,Homelab
PouchS200gr-CharcoalLatte,Bubuk Minuman CHARCOAL LATTE - Premium Drin..... - 200g,"Bubuk Minuman CHARCOAL LATTE - Premium Drin..... varian 200g dari Homelab cocok untuk membuat minuman cafe-style dengan rasa konsisten dan mudah disajikan. Anda mendapatkan pilihan produk yang praktis untuk kebutuhan harian, gifting, atau persiapan minuman di rumah dan cafe. Bubuk Minuman Charcoal Latte - Halal Terbuat dari activated charcoal / arang aktif. Arang aktif adalah penawar racun alami yang sering digunakan juga sebagai pelancar pencernaan (norit) dan juga banyak manfaat untuk kesehatan lainnya. Anda bisa merasakan manfaat activated charcoal dalam racikan latte yang lembut, ma Checkout mudah melalui marketplace resmi Homelab.",out of stock,new,95000 IDR,https://www.homelab.co.id/shop/pouchs200gr-charcoallatte,https://cf.shopee.co.id/file/2ae7e62ed043a6c1303f1c7263c1de1c,Homelab
PouchS200gr-GenmaichaLatte,Bubuk Minuman GENMAICHA LATTE - Premium Dri..... - 200g,"Bubuk Minuman GENMAICHA LATTE - Premium Dri..... varian 200g dari Homelab cocok untuk membuat minuman cafe-style dengan rasa konsisten dan mudah disajikan. Anda mendapatkan pilihan produk yang praktis untuk kebutuhan harian, gifting, atau persiapan minuman di rumah dan cafe. Bubuk Minuman GENMAICHA LATTE - Halal Nikmati Genmaicha Latte khas Jepang dengan aroma unik yang membuat Anda merasa rileks. Enak diseduh dengan susu dan susu kedelai. Cara seduh Genmaicha latte dingin: - Gunakan 20g bubuk Genmaicha (1 sampai 2 sendok makan) - Aduk dengan 20ml air panas supaya larut. - Tuang susu Checkout mudah melalui marketplace resmi Homelab.",out of stock,new,95000 IDR,https://www.homelab.co.id/shop/pouchs200gr-genmaichalatte,https://cf.shopee.co.id/file/2a7a81d2e56b54ac5bf60ce592a8c51b,Homelab
PouchS200gr-PineappleLatte,Bubuk Minuman NANAS - PINEAPPLE LATTE - Pre..... - 200g,"Bubuk Minuman NANAS - PINEAPPLE LATTE - Pre..... varian 200g dari Homelab cocok untuk membuat minuman cafe-style dengan rasa konsisten dan mudah disajikan. Anda mendapatkan pilihan produk yang praktis untuk kebutuhan harian, gifting, atau persiapan minuman di rumah dan cafe. Bubuk Minuman Nanas premium - Pineapple Latte - Halal Terbuat dari buah nanas terbaik, Anda bisa menikmati minuman nanas / pineapple latte yang kaya akan vitamin C dan antioxidants dengan sensasi tropis yang menyegarkan. Enak diseduh dengan susu dan susu kedelai. Cara seduh Pineapple latte dingin: - Gunakan 20g bub Checkout mudah melalui marketplace resmi Homelab.",in stock,new,95000 IDR,https://www.homelab.co.id/shop/pouchs200gr-pineapplelatte,https://cf.shopee.co.id/file/4255f19501d92036fe0e23b8e71ed86f,Homelab
PouchS200gr-RedVelvetLatte-1731183877741053508,Bubuk Minuman RED VELVET LATTE Premium Powd.....,"Bubuk Minuman RED VELVET LATTE Premium Powd..... dari Homelab cocok untuk membuat minuman cafe-style dengan rasa konsisten dan mudah disajikan. Anda mendapatkan pilihan produk yang praktis untuk kebutuhan harian, gifting, atau persiapan minuman di rumah dan cafe. Bubuk Minuman RED VELVET LATTE Premium Powder 200g Red Velvet Homelab terbuat dari buah Bit Merah pilihan yang di jus dan dicampur dengan Chocolate powder, Vanila powder dan coconut creamer terbaik yang menghasilkan rasa dan aroma yang khas. Enak diseduh dengan susu dan susu kedelai. Cara seduh red velvet latte dingin: Checkout mudah melalui marketplace resmi Homelab.",out of stock,new,95000 IDR,https://www.homelab.co.id/shop/bubuk-minuman-red-velvet-latte-premium-powder-200g-53508-pouchs200gr-redvelvetlatte,https://cf.shopee.co.id/file/cb8961ff4c45989295661590d82d42e0,Homelab
PouchS200gr-RedVelvetLatte-1729507668598557252,Bubuk Minuman Red Velvet Latte Premium Powd..... - 200g,"Bubuk Minuman Red Velvet Latte Premium Powd..... varian 200g dari Homelab cocok untuk membuat minuman cafe-style dengan rasa konsisten dan mudah disajikan. Anda mendapatkan pilihan produk yang praktis untuk kebutuhan harian, gifting, atau persiapan minuman di rumah dan cafe. Bubuk Minuman RED VELVET LATTE Premium Powder 200g Red Velvet Homelab terbuat dari buah Bit Merah pilihan yang di jus dan dicampur dengan Chocolate powder, Vanila powder dan coconut creamer terbaik yang menghasilkan rasa dan aroma yang khas. Enak diseduh dengan susu dan susu kedelai. Cara seduh red velvet latte ding Checkout mudah melalui marketplace resmi Homelab.",out of stock,new,95000 IDR,https://www.homelab.co.id/shop/bubuk-minuman-red-velvet-latte-premium-powder-200g-57252-pouchs200gr-redvelvetlatte,https://cf.shopee.co.id/file/cb8961ff4c45989295661590d82d42e0,Homelab
PouchS200gr-StrawberryLatte,Bubuk Minuman STRAWBERRY LATTE - Premium Dr..... - 200g,"Bubuk Minuman STRAWBERRY LATTE - Premium Dr..... varian 200g dari Homelab cocok untuk membuat minuman cafe-style dengan rasa konsisten dan mudah disajikan. Anda mendapatkan pilihan produk yang praktis untuk kebutuhan harian, gifting, atau persiapan minuman di rumah dan cafe. Bubuk Minuman Strawberry Latte - Halal Kombinasi nikmat dari manisnya strawberry dalam racikan latte yang creamy. Enak diseduh dengan susu dan susu kedelai. Cara seduh Strawberry latte dingin: - Gunakan 20g bubuk Strawberry (1 sampai 2 sendok makan) - Aduk dengan 20ml air panas supaya larut. - Tuang susu / soy mi Checkout mudah melalui marketplace resmi Homelab.",out of stock,new,105000 IDR,https://www.homelab.co.id/shop/pouchs200gr-strawberrylatte,https://cf.shopee.co.id/file/311e0dc3254fe1abd7164a59847f8245,Homelab
BD6pouchKCLMatchaSakuraBananaTaroChocRV,6 Bungkus Bubuk Minuman Premium Single Pac...,"6 Bungkus Bubuk Minuman Premium Single Pac... dari Homelab cocok untuk membuat minuman cafe-style dengan rasa konsisten dan mudah disajikan. Anda mendapatkan pilihan produk yang praktis untuk kebutuhan harian, gifting, atau persiapan minuman di rumah dan cafe. 1 Paket Isi 6 Bungkus Minuman Single Pack - Bubuk Matcha (Manis) 25g - Bubuk Coklat (Manis) 25g - Bubuk Red Velvet (Manis) 30g - Bubuk Taro (Manis) 30g - Bubuk Sakura (Manis) 30g - Bubuk Banana (Manis) 30g Bubuk Matcha Latte Premium (Manis) Terbuat dari Matcha pilihan yang diimpor langsung dari Jepang. Kaya ak Checkout mudah melalui marketplace resmi Homelab.",in stock,new,125000 IDR,https://www.homelab.co.id/shop/bd6pouchkclmatchasakurabananatarochocrv,https://cf.shopee.co.id/file/id-11134207-7qukx-lj5aux8s57yudf,Homelab
PouchS200gr-PandanLatte,Bubuk Minuman PANDAN LATTE - Premium Drink...... - 200g,"Bubuk Minuman PANDAN LATTE - Premium Drink...... varian 200g dari Homelab cocok untuk membuat minuman cafe-style dengan rasa konsisten dan mudah disajikan. Anda mendapatkan pilihan produk yang praktis untuk kebutuhan harian, gifting, atau persiapan minuman di rumah dan cafe. Bubuk Minuman Pandan Latte - Halal Terbuat dari daun pandan pilihan, Anda bisa menikmati minuman sehat dengan kenikmatan dan aroma khas pandan setiap saat. Enak diseduh dengan susu dan susu kedelai. Cara seduh Pandan latte dingin: - Gunakan 20g bubuk pandan (1 sampai 2 sendok makan) - Aduk dengan 20ml air panas su Checkout mudah melalui marketplace resmi Homelab.",in stock,new,112500 IDR,https://www.homelab.co.id/shop/pouchs200gr-pandanlatte,https://cf.shopee.co.id/file/7afc4c54dde606ab018ba302fee2b33a,Homelab
Toples100gr-PureBeet-1730557169203775044,Pure Beetroot Powder 100g,"Pure Beetroot Powder 100g dari Homelab cocok untuk membuat minuman cafe-style dengan rasa konsisten dan mudah disajikan. Anda mendapatkan pilihan produk yang praktis untuk kebutuhan harian, gifting, atau persiapan minuman di rumah dan cafe. Bubuk Buah Bit Ekstrak Alami (Tanpa Gula) Isi: 100g Bahan: 100% ekstrak bubuk buah Bit (Beetroot / Beta Vulgaris) Tanpa gula Tanpa pewarna Tanpa pengawet Tanpa perasa buatan 100% Alami dan 100% Vegan Garansi uang kembali! Cara penggunaan: - Gunakan 1 sendok teh - Campur dengan 150ml air hangat - Jika mau di Checkout mudah melalui marketplace resmi Homelab.",out of stock,new,135000 IDR,https://www.homelab.co.id/shop/pure-beetroot-powder-100g-75044-toples100gr-purebeet,https://cf.shopee.co.id/file/id-11134207-822wj-mne4u5o2swzq50,Homelab
Toples100gr-PureBeet-1729668307592055364,Pure Beetroot Powder 100g,"Pure Beetroot Powder 100g dari Homelab cocok untuk membuat minuman cafe-style dengan rasa konsisten dan mudah disajikan. Anda mendapatkan pilihan produk yang praktis untuk kebutuhan harian, gifting, atau persiapan minuman di rumah dan cafe. Bubuk Buah Bit Ekstrak Alami (Tanpa Gula) Isi: 100g Bahan: ekstrak bubuk buah Bit (Beetroot / Beta Vulgaris) Tanpa gula Tanpa pewarna Tanpa pengawet Tanpa perasa buatan Cara penggunaan: - Gunakan 1 sendok teh - Campur dengan 150ml air hangat - Jika mau dingin, larutkan dengan sedikit air hangat, lalu dicampur Checkout mudah melalui marketplace resmi Homelab.",out of stock,new,135000 IDR,https://www.homelab.co.id/shop/pure-beetroot-powder-100g-55364-toples100gr-purebeet,https://p16-oec-va.ibyteimg.com/tos-maliva-i-o3syd03w52-us/b0e52c416c0b484fa5e4542274fffcff~tplv-o3syd03w52-origin-jpeg.jpeg?dr=15568&from=520841845&height=1080&idc=my&ps=933b5bde&shcp=2c1af732&shp=1f0b6a75&t=555f072d&width=1080,Homelab
PouchS200gr-SakuraLatte,Bubuk Minuman Sakura Latte Premium Powder 200G,"Bubuk Minuman Sakura Latte Premium Powder 200G varian 200g dari Homelab cocok untuk membuat minuman cafe-style dengan rasa konsisten dan mudah disajikan. Anda mendapatkan pilihan produk yang praktis untuk kebutuhan harian, gifting, atau persiapan minuman di rumah dan cafe. Bubuk Minuman SAKURA LATTE Premium Powder 200g Sakura Latte Homelab terbuat dari extract bunga sakura dicampur dengan coconut creamer terbaik yang menghasilkan rasa manis yang lembut dan aromatic sakura yang menyegarkan. Enak diseduh dengan susu dan susu kedelai. Cara seduh sakura latte dingin: - Gunakan 20g bubuk Checkout mudah melalui marketplace resmi Homelab.",in stock,new,121990 IDR,https://www.homelab.co.id/shop/pouchs200gr-sakuralatte,https://cf.shopee.co.id/file/74ebc70ddd6d7fc679421f2f29e46f36,Homelab
PouchS1KG-SakuraLatte-1729502080216697412,Bubuk Minuman Sakura Latte Premium Powder 200G - 1000g,"Bubuk Minuman Sakura Latte Premium Powder 200G varian 1000g dari Homelab cocok untuk membuat minuman cafe-style dengan rasa konsisten dan mudah disajikan. Anda mendapatkan pilihan produk yang praktis untuk kebutuhan harian, gifting, atau persiapan minuman di rumah dan cafe. Bubuk Minuman SAKURA LATTE Premium Powder 200g Sakura Latte Homelab terbuat dari extract bunga sakura dicampur dengan coconut creamer terbaik yang menghasilkan rasa manis yang lembut dan aromatic sakura yang menyegarkan. Enak diseduh dengan susu dan susu kedelai. Cara seduh sakura latte dingin: - Gunakan 20g bubuk Checkout mudah melalui marketplace resmi Homelab.",in stock,new,495900 IDR,https://www.homelab.co.id/shop/bubuk-minuman-sakura-latte-premium-powder-200g-97412-pouchs1kg-sakuralatte,https://cf.shopee.co.id/file/74ebc70ddd6d7fc679421f2f29e46f36,Homelab
BD2Pouch200gr-Chocolate,Chocolate Powder 2 Pack,"Chocolate Powder 2 Pack dari Homelab cocok untuk membuat minuman cafe-style dengan rasa konsisten dan mudah disajikan. Anda mendapatkan pilihan produk yang praktis untuk kebutuhan harian, gifting, atau persiapan minuman di rumah dan cafe. SPECIAL PROMO Harga Normal: 170.000, PROMO Price! Dapat 2 bungkus masing-masing 200g (total 400g) 2 Bungkus Bubuk Coklat Premium Terbuat dari bahan coklat pilihan dari pulau Jawa. Kaya akan antioxidant, zat besi, magnesium dan kalsium. Bubuk coklat sudah dicampur dengan cane sugar asli. Gampang disajikan, 30gram (2 sen Checkout mudah melalui marketplace resmi Homelab.",in stock,new,169900 IDR,https://www.homelab.co.id/shop/bd2pouch200gr-chocolate,https://p16-oec-va.ibyteimg.com/tos-maliva-i-o3syd03w52-us/a286dcfaeadc481eb2d7de9b6476c3fb~tplv-o3syd03w52-origin-jpeg.jpeg?dr=15568&from=520841845&height=700&idc=my&ps=933b5bde&shcp=2c1af732&shp=1f0b6a75&t=555f072d&width=700,Homelab
BD2Pouch200gr-MatchaChoco,Bubuk / Powder Matcha & Chocolate Premium - Paket 2 Bungkus,"Bubuk / Powder Matcha & Chocolate Premium varian Paket 2 Bungkus dari Homelab cocok untuk membuat minuman cafe-style dengan rasa konsisten dan mudah disajikan. Anda mendapatkan pilihan produk yang praktis untuk kebutuhan harian, gifting, atau persiapan minuman di rumah dan cafe. Bubuk Matcha Premium Terbuat dari Matcha pilihan yang diimpor langsung dari Jepang. Kaya akan antioxidant dan terbuat dari bahan natural. Bubuk Matcha sudah dicampur dengan cane sugar asli. Gampang disajikan, 20gram (1 1/2sendok) di campur dengan susu UHT/Segar/soy milk secukupnya sesuai selera. Cocok untuk minuma Checkout mudah melalui marketplace resmi Homelab.",in stock,new,195000 IDR,https://www.homelab.co.id/shop/bd2pouch200gr-matchachoco,https://cf.shopee.co.id/file/1b33637497b61a8a8452f908092c5b43,Homelab
Toples80gr-PureSakura,Pure Extract Sakura 80g,"Pure Extract Sakura 80g dari Homelab cocok untuk membuat minuman cafe-style dengan rasa konsisten dan mudah disajikan. Anda mendapatkan pilihan produk yang praktis untuk kebutuhan harian, gifting, atau persiapan minuman di rumah dan cafe. Pure Sakura Netto: 80g Aroma sangat kuat dan sangat harum! Cocok buat diminum langsung seduh dengan air panas & buat menu makanan / buat kue. Checkout mudah melalui marketplace resmi Homelab.",in stock,new,195000 IDR,https://www.homelab.co.id/shop/toples80gr-puresakura,https://cf.shopee.co.id/file/id-11134207-822wo-mne4u5nwwt8l30,Homelab
BD3Toples100gr-PureTaro,3x Pure Taro Premium - 100g / 3 Toples Bubu...,"3x Pure Taro Premium - 100g / 3 Toples Bubu... dari Homelab cocok untuk membuat minuman cafe-style dengan rasa konsisten dan mudah disajikan. Anda mendapatkan pilihan produk yang praktis untuk kebutuhan harian, gifting, atau persiapan minuman di rumah dan cafe. PROMO!! Dapatkan 3 toples Pure Bubuk Taro @100g hanya 199.000 Harga Asli 240.000 Pure Taro Premium (No sugar / tidak manis) Nett Weight : 100g Grounded Taro root with hint of vanilla Nikmati bubuk taro premium berkualitas tinggi dengan promo spesial 3x Pure Taro Premium 100g. Tidak ada tambahan gula sehingga coc Checkout mudah melalui marketplace resmi Homelab.",in stock,new,240000 IDR,https://www.homelab.co.id/shop/bd3toples100gr-puretaro,https://cf.shopee.co.id/file/367ea8314c94fabb2130f29919150bb7,Homelab
PouchS1KG-RedVelvet,1Kg Bubuk Red Velvet / Red Velvet Powder Pr...,"1Kg Bubuk Red Velvet / Red Velvet Powder Pr... dari Homelab cocok untuk membuat minuman cafe-style dengan rasa konsisten dan mudah disajikan. Anda mendapatkan pilihan produk yang praktis untuk kebutuhan harian, gifting, atau persiapan minuman di rumah dan cafe. Bubuk Red Velvet Premium Bubuk Minuman RED VELVET LATTE Premium Powder 1000g Red Velvet Homelab terbuat dari buah Bit Merah pilihan yang di jus dan dicampur dengan Chocolate powder, Vanila powder dan coconut creamer terbaik yang menghasilkan rasa dan aroma yang khas. Gampang disajikan, 30gram (2 sendok) bubuk dicamp Checkout mudah melalui marketplace resmi Homelab.",in stock,new,350000 IDR,https://www.homelab.co.id/shop/pouchs1kg-redvelvet,https://cf.shopee.co.id/file/id-11134207-7r98y-lzkawkzxq3u008,Homelab
PouchS1KG-TaroLatte,1Kg Bubuk Taro Latte / Ube Taro Latte Premi...,"1Kg Bubuk Taro Latte / Ube Taro Latte Premi... dari Homelab cocok untuk membuat minuman cafe-style dengan rasa konsisten dan mudah disajikan. Anda mendapatkan pilihan produk yang praktis untuk kebutuhan harian, gifting, atau persiapan minuman di rumah dan cafe. Bubuk Minuman TARO LATTE / UBE LATTE Premium 1000g (Manis) Taro Latte Homelab terbuat dari ekstrak Umbi Talas Ungu pilihan yang dicampur dengan coconut creamer yang menghasilkan aroma talas yang khas dan rasa yang sangat gurih, manis dengan terasa sedikit aroma vanilla. Gampang disajikan, 30gram (2 sendok) bubuk dic Checkout mudah melalui marketplace resmi Homelab.",in stock,new,350000 IDR,https://www.homelab.co.id/shop/pouchs1kg-tarolatte,https://cf.shopee.co.id/file/id-11134207-7r98q-lzkawkzxkhk88d,Homelab
PouchS1KG-Chocolate-1731183877788108356,Bubuk Coklat / Chocolate Powder Premium Gra.....,"Bubuk Coklat / Chocolate Powder Premium Gra..... dari Homelab cocok untuk membuat minuman cafe-style dengan rasa konsisten dan mudah disajikan. Anda mendapatkan pilihan produk yang praktis untuk kebutuhan harian, gifting, atau persiapan minuman di rumah dan cafe. SPECIAL PROMO! Bubuk Coklat Premium Terbuat dari bahan coklat pilihan dari pulau Jawa. Kaya akan antioxidant, zat besi, magnesium dan kalsium. Bubuk coklat sudah dicampur dengan cane sugar asli. Gampang disajikan, 30gram (2 sendok) bubuk dicampur dengan susu UHT/Segar/soy milk secukupnya sesuai selera. Cocok untu Checkout mudah melalui marketplace resmi Homelab.",in stock,new,349990 IDR,https://www.homelab.co.id/shop/bubuk-coklat-chocolate-powder-1kg-08356-pouchs1kg-chocolate,https://p16-oec-sg.ibyteimg.com/tos-alisg-i-aphluv4xwc-sg/img/VqbcmM/2022/2/17/66d07449-02ad-4b76-9fb2-0cba2104f8ad.png~tplv-aphluv4xwc-origin-jpeg.jpeg?dr=15568&from=520841845&height=1080&idc=my&ps=933b5bde&shcp=2c1af732&shp=1f0b6a75&t=555f072d&width=1080,Homelab
PouchS1KG-Chocolate-1730557017317082692,Bubuk Coklat / Chocolate Powder Premium Gra.....,"Bubuk Coklat / Chocolate Powder Premium Gra..... dari Homelab cocok untuk membuat minuman cafe-style dengan rasa konsisten dan mudah disajikan. Anda mendapatkan pilihan produk yang praktis untuk kebutuhan harian, gifting, atau persiapan minuman di rumah dan cafe. SPECIAL PROMO! Bubuk Coklat Premium Terbuat dari bahan coklat pilihan dari pulau Jawa. Kaya akan antioxidant, zat besi, magnesium dan kalsium. Bubuk coklat sudah dicampur dengan cane sugar asli. Gampang disajikan, 30gram (2 sendok) bubuk dicampur dengan susu UHT/Segar/soy milk secukupnya sesuai selera. Cocok untu Checkout mudah melalui marketplace resmi Homelab.",in stock,new,349990 IDR,https://www.homelab.co.id/shop/bubuk-coklat-chocolate-powder-1kg-82692-pouchs1kg-chocolate,https://p16-oec-va.ibyteimg.com/tos-maliva-i-o3syd03w52-us/8bf51c9dd1f643bb8ef9db56bf81d94a~tplv-o3syd03w52-origin-jpeg.jpeg?dr=15568&from=520841845&height=700&idc=my&ps=933b5bde&shcp=2c1af732&shp=1f0b6a75&t=555f072d&width=700,Homelab
BD6pouch200gram-MHCTSRV,Paket 6 Bubuk Minuman Premium Matcha/Choco/...,"Paket 6 Bubuk Minuman Premium Matcha/Choco/... dari Homelab cocok untuk membuat minuman cafe-style dengan rasa konsisten dan mudah disajikan. Anda mendapatkan pilihan produk yang praktis untuk kebutuhan harian, gifting, atau persiapan minuman di rumah dan cafe. Paket 6 Bungkus Bubuk Minuman Premium Matcha / Choco / Hojicha / Taro / Red Velvet / Sakura Isi 6 Bungkus, masing-masing isi 200g. Bubuk Matcha Premium (Manis) Terbuat dari Matcha pilihan yang diimpor langsung dari Jepang. Kaya akan antioxidant dan terbuat dari bahan natural. Bubuk Matcha sudah dicampur dengan can Checkout mudah melalui marketplace resmi Homelab.",out of stock,new,509990 IDR,https://www.homelab.co.id/shop/bd6pouch200gram-mhctsrv,https://p16-oec-va.ibyteimg.com/tos-maliva-i-o3syd03w52-us/0691acfba8314f27999f674bbc4175f5~tplv-o3syd03w52-origin-jpeg.jpeg?dr=15568&from=520841845&height=700&idc=my&ps=933b5bde&shcp=2c1af732&shp=1f0b6a75&t=555f072d&width=700,Homelab
Pouch1KG-DarkChoco,98% Dark Chocolate / Bubuk Coklat Murni Asl.....,"98% Dark Chocolate / Bubuk Coklat Murni Asl..... dari Homelab cocok untuk membuat minuman cafe-style dengan rasa konsisten dan mudah disajikan. Anda mendapatkan pilihan produk yang praktis untuk kebutuhan harian, gifting, atau persiapan minuman di rumah dan cafe. Temukan keajaiban cokelat asli dengan 100% Bubuk Coklat Gelap Premium Homelab. Dibuat dari bahan-bahan terbaik dan berkualitas tinggi, langsung dari tanah subur Holland, produk ini diolah tanpa penambahan gula sehingga mempertahankan kekayaan dan keaslian rasa cokelat yang luar biasa. Dikemas dalam kemasan aluminiu Checkout mudah melalui marketplace resmi Homelab.",in stock,new,700000 IDR,https://www.homelab.co.id/shop/pouch1kg-darkchoco,https://cf.shopee.co.id/file/id-11134207-81ztk-mfnkerf87b4904,Homelab
PouchS1KG-SakuraLatte-1731183884836570692,Sakura Latte Powder 1kg,"Sakura Latte Powder 1kg dari Homelab cocok untuk membuat minuman cafe-style dengan rasa konsisten dan mudah disajikan. Anda mendapatkan pilihan produk yang praktis untuk kebutuhan harian, gifting, atau persiapan minuman di rumah dan cafe. 1 Kg Bubuk Minuman SAKURA LATTE Premium Powder Sakura Latte Homelab terbuat dari extract bunga sakura dicampur dengan coconut creamer terbaik yang menghasilkan rasa manis yang lembut dan aromatic sakura yang menyegarkan. Enak diseduh dengan susu dan susu kedelai. Cara seduh sakura latte dingin: - Gunakan 20g bubuk sak Checkout mudah melalui marketplace resmi Homelab.",in stock,new,495900 IDR,https://www.homelab.co.id/shop/sakura-latte-powder-1kg-70692-pouchs1kg-sakuralatte,https://cf.shopee.co.id/file/3dbd6ef9611bb57e4fca641d242dd0b8,Homelab
Pouch1KG-PureTaro,Pure Taro Powder 1kg,"Pure Taro Powder 1kg dari Homelab cocok untuk membuat minuman cafe-style dengan rasa konsisten dan mudah disajikan. Anda mendapatkan pilihan produk yang praktis untuk kebutuhan harian, gifting, atau persiapan minuman di rumah dan cafe. Pure Taro Premium (No sugar / tidak manis) Nett Weight : 1kg Packaging: Aluminium Foil Grounded Taro root with hint of vanilla Nikmati bubuk minuman talas murni 100% yang lezat dan tanpa gula tambahan. Dikemas dalam aluminium foil dengan berat bersih 1kg. Bubuk Talas Murni : Dibuat dari talas murni yang dihaluska Checkout mudah melalui marketplace resmi Homelab.",in stock,new,1000000 IDR,https://www.homelab.co.id/shop/pouch1kg-puretaro,https://cf.shopee.co.id/file/id-11134207-7quky-ljz7jmgd699je6,Homelab
BD3Pouch1KG-MatchaChocoHojicha,PROMO Paket 3 Bungkus Premium Powder Matcha..... - MIX 3 RASA,"PROMO Paket 3 Bungkus Premium Powder Matcha..... varian MIX 3 RASA dari Homelab cocok untuk membuat minuman cafe-style dengan rasa konsisten dan mudah disajikan. Anda mendapatkan pilihan produk yang praktis untuk kebutuhan harian, gifting, atau persiapan minuman di rumah dan cafe. SPECIAL PROMO APRIL Normal Price 3 Bungkus 1.050.000 PROMO TERBATAS 3 Bungkus Hanya 899,000 Bubuk Matcha Premium Terbuat dari Matcha pilihan yang diimpor langsung dari Jepang. Kaya akan antioxidant dan terbuat dari bahan natural. Bubuk Matcha sudah dicampur dengan cane sugar asli. Gampang disajikan, 20gram (1 1/2sendo Checkout mudah melalui marketplace resmi Homelab.",in stock,new,1450000 IDR,https://www.homelab.co.id/shop/bd3pouch1kg-matchachocohojicha,https://cf.shopee.co.id/file/id-11134207-7r98x-lykkfqckk6p452,Homelab
BD3Pouch1KG-Matcha,PROMO Paket 3 Bungkus Premium Powder Matcha..... - 3 MATCHA,"PROMO Paket 3 Bungkus Premium Powder Matcha..... varian 3 MATCHA dari Homelab cocok untuk membuat minuman cafe-style dengan rasa konsisten dan mudah disajikan. Anda mendapatkan pilihan produk yang praktis untuk kebutuhan harian, gifting, atau persiapan minuman di rumah dan cafe. SPECIAL PROMO APRIL Normal Price 3 Bungkus 1.050.000 PROMO TERBATAS 3 Bungkus Hanya 899,000 Bubuk Matcha Premium Terbuat dari Matcha pilihan yang diimpor langsung dari Jepang. Kaya akan antioxidant dan terbuat dari bahan natural. Bubuk Matcha sudah dicampur dengan cane sugar asli. Gampang disajikan, 20gram (1 1/2sendo Checkout mudah melalui marketplace resmi Homelab.",in stock,new,1450000 IDR,https://www.homelab.co.id/shop/bd3pouch1kg-matcha,https://cf.shopee.co.id/file/id-11134207-7r98x-lykkfqckk6p452,Homelab
shopee-4381584636,100% Dark Chocolate & Pure Taro Premium 100.....,"100% Dark Chocolate & Pure Taro Premium 100..... dari Homelab cocok untuk membuat minuman cafe-style dengan rasa konsisten dan mudah disajikan. Anda mendapatkan pilihan produk yang praktis untuk kebutuhan harian, gifting, atau persiapan minuman di rumah dan cafe. Produk ditemukan dari file media Shopee. Harga dan varian belum tersedia di file ini. Checkout mudah melalui marketplace resmi Homelab.",out of stock,new,,https://www.homelab.co.id/shop/shopee-4381584636,https://cf.shopee.co.id/file/c3d6d9d9ca0b67b9637e06fe6b9bfa8e,Homelab
shopee-6055132871,2 Bungkus Chocolate Powder / Bubuk Chocolat...,"2 Bungkus Chocolate Powder / Bubuk Chocolat... dari Homelab cocok untuk membuat minuman cafe-style dengan rasa konsisten dan mudah disajikan. Anda mendapatkan pilihan produk yang praktis untuk kebutuhan harian, gifting, atau persiapan minuman di rumah dan cafe. Produk ditemukan dari file media Shopee. Harga dan varian belum tersedia di file ini. Checkout mudah melalui marketplace resmi Homelab.",out of stock,new,169900 IDR,https://www.homelab.co.id/shop/shopee-6055132871,https://cf.shopee.co.id/file/2d8772736b0376ee07046c46f45767d2,Homelab
shopee-9436147393,3 X 100% Dark Chocolate Powder / Bubuk Cokl.....,"3 X 100% Dark Chocolate Powder / Bubuk Cokl..... dari Homelab cocok untuk membuat minuman cafe-style dengan rasa konsisten dan mudah disajikan. Anda mendapatkan pilihan produk yang praktis untuk kebutuhan harian, gifting, atau persiapan minuman di rumah dan cafe. Produk ditemukan dari file media Shopee. Harga dan varian belum tersedia di file ini. Checkout mudah melalui marketplace resmi Homelab.",out of stock,new,,https://www.homelab.co.id/shop/shopee-9436147393,https://cf.shopee.co.id/file/fe6efd8317e9bb9c685d81380e00f7cb,Homelab
shopee-6651280879,98% Dark Chocolate Powder / Bubuk Coklat As.....,"98% Dark Chocolate Powder / Bubuk Coklat As..... dari Homelab cocok untuk membuat minuman cafe-style dengan rasa konsisten dan mudah disajikan. Anda mendapatkan pilihan produk yang praktis untuk kebutuhan harian, gifting, atau persiapan minuman di rumah dan cafe. Produk ditemukan dari file media Shopee. Harga dan varian belum tersedia di file ini. Checkout mudah melalui marketplace resmi Homelab.",out of stock,new,149990 IDR,https://www.homelab.co.id/shop/shopee-6651280879,https://cf.shopee.co.id/file/a40c1e2d0ca9c4d23ffe8530457e09f0,Homelab
shopee-17278045774,Bubuk Minuman BLACK SESAME LATTE - Premium......,"Bubuk Minuman BLACK SESAME LATTE - Premium...... dari Homelab cocok untuk membuat minuman cafe-style dengan rasa konsisten dan mudah disajikan. Anda mendapatkan pilihan produk yang praktis untuk kebutuhan harian, gifting, atau persiapan minuman di rumah dan cafe. Produk ditemukan dari file media Shopee. Harga dan varian belum tersedia di file ini. Checkout mudah melalui marketplace resmi Homelab.",out of stock,new,,https://www.homelab.co.id/shop/shopee-17278045774,https://cf.shopee.co.id/file/76031b25c51b42f52d69a07c5dedebba,Homelab
shopee-9538613820,Bubuk Minuman Coklat Premium / Chocolate Po.....,"Bubuk Minuman Coklat Premium / Chocolate Po..... dari Homelab cocok untuk membuat minuman cafe-style dengan rasa konsisten dan mudah disajikan. Anda mendapatkan pilihan produk yang praktis untuk kebutuhan harian, gifting, atau persiapan minuman di rumah dan cafe. Produk ditemukan dari file media Shopee. Harga dan varian belum tersedia di file ini. Checkout mudah melalui marketplace resmi Homelab.",out of stock,new,,https://www.homelab.co.id/shop/shopee-9538613820,https://cf.shopee.co.id/file/7004400a3494001f6f83381bba1fddb0,Homelab
shopee-3651374425,Dark Chocolate Powder 98% / Bubuk Coklat As.....,"Dark Chocolate Powder 98% / Bubuk Coklat As..... dari Homelab cocok untuk membuat minuman cafe-style dengan rasa konsisten dan mudah disajikan. Anda mendapatkan pilihan produk yang praktis untuk kebutuhan harian, gifting, atau persiapan minuman di rumah dan cafe. Produk ditemukan dari file media Shopee. Harga dan varian belum tersedia di file ini. Checkout mudah melalui marketplace resmi Homelab.",out of stock,new,73850 IDR,https://www.homelab.co.id/shop/shopee-3651374425,https://cf.shopee.co.id/file/id-11134207-7ra0h-mbc6p1f0xvug12,Homelab
shopee-10137321760,Paket 6 Bubuk Minuman Premium Matcha / Choc...,"Paket 6 Bubuk Minuman Premium Matcha / Choc... dari Homelab cocok untuk membuat minuman cafe-style dengan rasa konsisten dan mudah disajikan. Anda mendapatkan pilihan produk yang praktis untuk kebutuhan harian, gifting, atau persiapan minuman di rumah dan cafe. Produk ditemukan dari file media Shopee. Harga dan varian belum tersedia di file ini. Checkout mudah melalui marketplace resmi Homelab.",out of stock,new,509990 IDR,https://www.homelab.co.id/shop/shopee-10137321760,https://cf.shopee.co.id/file/ddeb031c21f8120c51e73ac73cc702bb,Homelab
shopee-7449193036,Promo Beli Chocolate Powder 2 Bungkus - Gra...,"Promo Beli Chocolate Powder 2 Bungkus - Gra... dari Homelab cocok untuk membuat minuman cafe-style dengan rasa konsisten dan mudah disajikan. Anda mendapatkan pilihan produk yang praktis untuk kebutuhan harian, gifting, atau persiapan minuman di rumah dan cafe. Produk ditemukan dari file media Shopee. Harga dan varian belum tersedia di file ini. Checkout mudah melalui marketplace resmi Homelab.",out of stock,new,,https://www.homelab.co.id/shop/shopee-7449193036,https://cf.shopee.co.id/file/38e4f582443ebbe84302ea2552255392,Homelab
shopee-5149195190,Promo Beli Hojicha Powder 2 Bungkus - Grati...,"Promo Beli Hojicha Powder 2 Bungkus - Grati... dari Homelab cocok untuk membuat minuman cafe-style dengan rasa konsisten dan mudah disajikan. Anda mendapatkan pilihan produk yang praktis untuk kebutuhan harian, gifting, atau persiapan minuman di rumah dan cafe. Produk ditemukan dari file media Shopee. Harga dan varian belum tersedia di file ini. Checkout mudah melalui marketplace resmi Homelab.",out of stock,new,,https://www.homelab.co.id/shop/shopee-5149195190,https://cf.shopee.co.id/file/3b58f13838fd45c773aa106788b5827c,Homelab
shopee-5875411735,Promo Beli Paket 3 Bungkus Premium Powder -...,"Promo Beli Paket 3 Bungkus Premium Powder -... dari Homelab cocok untuk membuat minuman cafe-style dengan rasa konsisten dan mudah disajikan. Anda mendapatkan pilihan produk yang praktis untuk kebutuhan harian, gifting, atau persiapan minuman di rumah dan cafe. Produk ditemukan dari file media Shopee. Harga dan varian belum tersedia di file ini. Checkout mudah melalui marketplace resmi Homelab.",out of stock,new,,https://www.homelab.co.id/shop/shopee-5875411735,https://cf.shopee.co.id/file/e2e7795e2304f807ab03de130cbc7054,Homelab
shopee-17071948021,Sakura Cookie Sandwich - Homelab x Nichi Nichi,"Sakura Cookie Sandwich - Homelab x Nichi Nichi dari Homelab cocok untuk membuat minuman cafe-style dengan rasa konsisten dan mudah disajikan. Anda mendapatkan pilihan produk yang praktis untuk kebutuhan harian, gifting, atau persiapan minuman di rumah dan cafe. Produk ditemukan dari file media Shopee. Harga dan varian belum tersedia di file ini. Checkout mudah melalui marketplace resmi Homelab.",out of stock,new,,https://www.homelab.co.id/shop/shopee-17071948021,https://cf.shopee.co.id/file/211644f7a51db6bf7932ce692a50770e,Homelab
Kain-Hijau,Tea Cloth / Tea Towel - Homelab Serbet Teh... - Hijau,"Tea Cloth / Tea Towel - Homelab Serbet Teh... varian Hijau dari Homelab cocok untuk menikmati teh Jepang, hojicha, dan minuman hangat yang lebih aromatic. Anda mendapatkan pilihan produk yang praktis untuk kebutuhan harian, gifting, atau persiapan minuman di rumah dan cafe. Serbet Teh Katun Bordir Ukuran: Hijau = 26 cm x 18 cm Biru = 25 cm x 28 cm Cokelat = 29 cm x Warna: Sesuai gambar * Bahan: Terbuat dari serat berkualitas tinggi dengan daya serap yang optimal, sempurna untuk menjaga area tetap bersih dan kering. * Desain: Beragam motif bergaya Jepang yang terinspirasi dari Checkout mudah melalui marketplace resmi Homelab.",out of stock,new,49990 IDR,https://www.homelab.co.id/shop/kain-hijau,https://cf.shopee.co.id/file/id-11134207-7rbk5-m9eblt2uw21q5a,Homelab
Kain-Biru,Tea Cloth / Tea Towel - Homelab Serbet Teh... - Biru,"Tea Cloth / Tea Towel - Homelab Serbet Teh... varian Biru dari Homelab cocok untuk menikmati teh Jepang, hojicha, dan minuman hangat yang lebih aromatic. Anda mendapatkan pilihan produk yang praktis untuk kebutuhan harian, gifting, atau persiapan minuman di rumah dan cafe. Serbet Teh Katun Bordir Ukuran: Hijau = 26 cm x 18 cm Biru = 25 cm x 28 cm Cokelat = 29 cm x Warna: Sesuai gambar * Bahan: Terbuat dari serat berkualitas tinggi dengan daya serap yang optimal, sempurna untuk menjaga area tetap bersih dan kering. * Desain: Beragam motif bergaya Jepang yang terinspirasi dari Checkout mudah melalui marketplace resmi Homelab.",in stock,new,49990 IDR,https://www.homelab.co.id/shop/kain-biru,https://cf.shopee.co.id/file/id-11134207-7rbk5-m9eblt2uw21q5a,Homelab
Kain-Cokelat,Tea Cloth / Tea Towel - Homelab Serbet Teh... - Cokelat,"Tea Cloth / Tea Towel - Homelab Serbet Teh... varian Cokelat dari Homelab cocok untuk menikmati teh Jepang, hojicha, dan minuman hangat yang lebih aromatic. Anda mendapatkan pilihan produk yang praktis untuk kebutuhan harian, gifting, atau persiapan minuman di rumah dan cafe. Serbet Teh Katun Bordir Ukuran: Hijau = 26 cm x 18 cm Biru = 25 cm x 28 cm Cokelat = 29 cm x Warna: Sesuai gambar * Bahan: Terbuat dari serat berkualitas tinggi dengan daya serap yang optimal, sempurna untuk menjaga area tetap bersih dan kering. * Desain: Beragam motif bergaya Jepang yang terinspirasi dari Checkout mudah melalui marketplace resmi Homelab.",in stock,new,49990 IDR,https://www.homelab.co.id/shop/kain-cokelat,https://cf.shopee.co.id/file/id-11134207-7rbk5-m9eblt2uw21q5a,Homelab
PouchS200gr-Hojicha,Bubuk Minuman Hojicha Premium / Roasted Gre..... - 200g,"Bubuk Minuman Hojicha Premium / Roasted Gre..... varian 200g dari Homelab cocok untuk menikmati teh Jepang, hojicha, dan minuman hangat yang lebih aromatic. Anda mendapatkan pilihan produk yang praktis untuk kebutuhan harian, gifting, atau persiapan minuman di rumah dan cafe. Bubuk Hojicha Premium (Manis) Terbuat dari daun teh yang diroasting / panggang yang diimpor langsung dari Jepang. Kaya akan antioxidant dan terbuat dari bahan natural. Bubuk Hojicha sudah dicampur dengan cane sugar asli. Gampang disajikan, 20 gram (1 1/2 sendok) di campur dengan susu UHT/Segar/soy milk secukupnya Checkout mudah melalui marketplace resmi Homelab.",out of stock,new,128990 IDR,https://www.homelab.co.id/shop/pouchs200gr-hojicha,https://cf.shopee.co.id/file/6d60ee96db347f8f48d0fa8b4b28e2f6,Homelab
Toples100gr-PureHojicha-1729507684937206340,Pure Hojicha Powder - 100g,"Pure Hojicha Powder varian 100g dari Homelab cocok untuk menikmati teh Jepang, hojicha, dan minuman hangat yang lebih aromatic. Anda mendapatkan pilihan produk yang praktis untuk kebutuhan harian, gifting, atau persiapan minuman di rumah dan cafe. 100% Pure Hojicha Bruto: 110 gram Netto: 100g Tanpa campuran, Asli pure Hojicha! (Murni) Penyajian untuk minuman hanya perlu 5gram perserving, Untuk pembuatan kue tergantung resep. Aroma sangat kuat dan sangat harum! Cocok buat diminum langsung seduh dengan air panas & buat menu makanan / buat kue. Tersedia juga Checkout mudah melalui marketplace resmi Homelab.",in stock,new,215990 IDR,https://www.homelab.co.id/shop/pure-hojicha-powder-06340-toples100gr-purehojicha,https://cf.shopee.co.id/file/f991837818a07576b962616310de67dd,Homelab
Toples100gr-PureHojicha-1729387226683770436,Pure Hojicha Powder - 100g,"Pure Hojicha Powder varian 100g dari Homelab cocok untuk menikmati teh Jepang, hojicha, dan minuman hangat yang lebih aromatic. Anda mendapatkan pilihan produk yang praktis untuk kebutuhan harian, gifting, atau persiapan minuman di rumah dan cafe. 100% Pure Hojicha Bruto: 110 gram Netto: 100g Tanpa campuran, Asli pure Hojicha! (Murni) Penyajian untuk minuman hanya perlu 5gram perserving, Untuk pembuatan kue tergantung resep. Aroma sangat kuat dan sangat harum! Cocok buat diminum langsung seduh dengan air panas & buat menu makanan / buat kue. Tersedia juga Checkout mudah melalui marketplace resmi Homelab.",in stock,new,215990 IDR,https://www.homelab.co.id/shop/pure-hojicha-powder-70436-toples100gr-purehojicha,https://cf.shopee.co.id/file/f991837818a07576b962616310de67dd,Homelab
Toples200gr-PureHojicha-1729387226683770436,Pure Hojicha Powder - 200g,"Pure Hojicha Powder varian 200g dari Homelab cocok untuk menikmati teh Jepang, hojicha, dan minuman hangat yang lebih aromatic. Anda mendapatkan pilihan produk yang praktis untuk kebutuhan harian, gifting, atau persiapan minuman di rumah dan cafe. 100% Pure Hojicha Bruto: 110 gram Netto: 100g Tanpa campuran, Asli pure Hojicha! (Murni) Penyajian untuk minuman hanya perlu 5gram perserving, Untuk pembuatan kue tergantung resep. Aroma sangat kuat dan sangat harum! Cocok buat diminum langsung seduh dengan air panas & buat menu makanan / buat kue. Tersedia juga Checkout mudah melalui marketplace resmi Homelab.",out of stock,new,399990 IDR,https://www.homelab.co.id/shop/pure-hojicha-powder-70436-toples200gr-purehojicha,https://cf.shopee.co.id/file/f991837818a07576b962616310de67dd,Homelab
BD2Pouch200gr-MatchaHojicha,Bubuk / Powder Matcha & Hojicha Premium,"Bubuk / Powder Matcha & Hojicha Premium dari Homelab cocok untuk menikmati teh Jepang, hojicha, dan minuman hangat yang lebih aromatic. Anda mendapatkan pilihan produk yang praktis untuk kebutuhan harian, gifting, atau persiapan minuman di rumah dan cafe. PAKET BUNDLE PROMO! Beli 2 bungkus harga normal 85rb x 2bks = 170.000 Promo Oktober jadi 159.000 Dapat 2 bungkus masing-masing 200g (total 400g) Bubuk Matcha Premium Terbuat dari Matcha pilihan yang diimpor langsung dari Jepang. Kaya akan antioxidant dan terbuat dari bahan natural. Bubuk Matcha sudah dicampur de Checkout mudah melalui marketplace resmi Homelab.",out of stock,new,179990 IDR,https://www.homelab.co.id/shop/bd2pouch200gr-matchahojicha,https://cf.shopee.co.id/file/e4ed3b23dca82a5a0a540ee70708c2a5,Homelab
Toples200gr-PureHojicha-1731183889920067140,Pure Hojicha 200g,"Pure Hojicha 200g dari Homelab cocok untuk menikmati teh Jepang, hojicha, dan minuman hangat yang lebih aromatic. Anda mendapatkan pilihan produk yang praktis untuk kebutuhan harian, gifting, atau persiapan minuman di rumah dan cafe. 100% Pure Hojicha Netto: 200g Tanpa campuran, Asli pure Hojicha! (Murni) Penyajian untuk minuman hanya perlu 5gram perserving, Untuk pembuatan kue tergantung resep. Aroma sangat kuat dan sangat harum! Cocok buat diminum langsung seduh dengan air panas amp; buat menu makanan / buat kue. Apa itu Hojicha? Hojicha merupaka Checkout mudah melalui marketplace resmi Homelab.",out of stock,new,399990 IDR,https://www.homelab.co.id/shop/pure-hojicha-powder-67140-toples200gr-purehojicha,https://cf.shopee.co.id/file/4a0a7f54349b086a13698c0202e7336f,Homelab
PouchS1KG-Hojicha,Bubuk / Hojicha Powder Premium Grade - 1kg,"Bubuk / Hojicha Powder Premium Grade - 1kg dari Homelab cocok untuk menikmati teh Jepang, hojicha, dan minuman hangat yang lebih aromatic. Anda mendapatkan pilihan produk yang praktis untuk kebutuhan harian, gifting, atau persiapan minuman di rumah dan cafe. SPECIAL PROMO! Bubuk Hojicha Premium Terbuat dari daun teh yang diroasting / panggang yang diimpor langsung dari Jepang. Kaya akan antioxidant dan terbuat dari bahan natural. Bubuk Hojicha sudah dicampur dengan cane sugar asli. Gampang disajikan, 20gram (1 1/2sendok) di campur dengan susu UHT/Segar/soy milk secuku Checkout mudah melalui marketplace resmi Homelab.",in stock,new,645900 IDR,https://www.homelab.co.id/shop/pouchs1kg-hojicha,https://p16-oec-va.ibyteimg.com/tos-maliva-i-o3syd03w52-us/c7cb4c1f8ab84cf9883df522add365ca~tplv-o3syd03w52-origin-jpeg.jpeg?dr=15568&from=520841845&height=700&idc=my&ps=933b5bde&shcp=2c1af732&shp=1f0b6a75&t=555f072d&width=700,Homelab
PouchS1KG-PureHojicha,Hojicha Pure / Bubuk Hojicha Pure Asli Tanp.....,"Hojicha Pure / Bubuk Hojicha Pure Asli Tanp..... dari Homelab cocok untuk menikmati teh Jepang, hojicha, dan minuman hangat yang lebih aromatic. Anda mendapatkan pilihan produk yang praktis untuk kebutuhan harian, gifting, atau persiapan minuman di rumah dan cafe. Bubuk Hojicha Pure tanpa Gula. Tanpa campuran, Asli Pure Hojicha! Tidak manis & Tanpa gula! Penyajian untuk minuman hanya perlu 5gram perserving, Untuk pembuatan kue tergantung resep. Aroma sangat kuat dan sangat harum! Cocok buat diminum langsung seduh dengan air panas & buat menu makanan / buat kue. Rasa sangat Checkout mudah melalui marketplace resmi Homelab.",out of stock,new,1999000 IDR,https://www.homelab.co.id/shop/pouchs1kg-purehojicha,https://p16-oec-va.ibyteimg.com/tos-maliva-i-o3syd03w52-us/dbdef1d0f6a643b1add07ad858a0448a~tplv-o3syd03w52-origin-jpeg.jpeg?dr=15568&from=520841845&height=933&idc=my&ps=933b5bde&shcp=2c1af732&shp=1f0b6a75&t=555f072d&width=933,Homelab
shopee-24201519494,Pure Hojicha / Bubuk Hojicha Murni Asli Tan.....,"Pure Hojicha / Bubuk Hojicha Murni Asli Tan..... dari Homelab cocok untuk menikmati teh Jepang, hojicha, dan minuman hangat yang lebih aromatic. Anda mendapatkan pilihan produk yang praktis untuk kebutuhan harian, gifting, atau persiapan minuman di rumah dan cafe. Produk ditemukan dari file media Shopee. Harga dan varian belum tersedia di file ini. Checkout mudah melalui marketplace resmi Homelab.",out of stock,new,,https://www.homelab.co.id/shop/shopee-24201519494,https://cf.shopee.co.id/file/id-11134207-7r98o-lzkawkzxnap4b9,Homelab
TeaCanister-Merah,Matcha Ceramic Canister - Merah,"Matcha Ceramic Canister varian Merah dari Homelab cocok untuk menyiapkan ritual matcha dengan alat yang rapi, nyaman, dan siap pakai. Anda mendapatkan pilihan produk yang praktis untuk kebutuhan harian, gifting, atau persiapan minuman di rumah dan cafe. Homelab Matcha Ceramic Canister / Wadah Bubuk Matcha Keramik Spesifikasi Produk: Matcha Ceramic Canister * Bahan: Terbuat dari keramik premium berkualitas tinggi, setiap canister diproduksi secara handmade. * Desain: Berpola mineral unik, sehingga setiap produk memiliki corak dan karakter tersendiri. * Kapasitas: Dides Checkout mudah melalui marketplace resmi Homelab.",out of stock,new,85000 IDR,https://www.homelab.co.id/shop/teacanister-merah,https://cf.shopee.co.id/file/id-11134207-7rasa-m29dr56k7ri1c6,Homelab
TeaCanister-Kuning,Matcha Ceramic Canister - Kuning,"Matcha Ceramic Canister varian Kuning dari Homelab cocok untuk menyiapkan ritual matcha dengan alat yang rapi, nyaman, dan siap pakai. Anda mendapatkan pilihan produk yang praktis untuk kebutuhan harian, gifting, atau persiapan minuman di rumah dan cafe. Homelab Matcha Ceramic Canister / Wadah Bubuk Matcha Keramik Spesifikasi Produk: Matcha Ceramic Canister * Bahan: Terbuat dari keramik premium berkualitas tinggi, setiap canister diproduksi secara handmade. * Desain: Berpola mineral unik, sehingga setiap produk memiliki corak dan karakter tersendiri. * Kapasitas: Dides Checkout mudah melalui marketplace resmi Homelab.",in stock,new,85000 IDR,https://www.homelab.co.id/shop/teacanister-kuning,https://cf.shopee.co.id/file/id-11134207-7rasa-m29dr56k7ri1c6,Homelab
TeaCanister-Hijau,Matcha Ceramic Canister - Hijau,"Matcha Ceramic Canister varian Hijau dari Homelab cocok untuk menyiapkan ritual matcha dengan alat yang rapi, nyaman, dan siap pakai. Anda mendapatkan pilihan produk yang praktis untuk kebutuhan harian, gifting, atau persiapan minuman di rumah dan cafe. Homelab Matcha Ceramic Canister / Wadah Bubuk Matcha Keramik Spesifikasi Produk: Matcha Ceramic Canister * Bahan: Terbuat dari keramik premium berkualitas tinggi, setiap canister diproduksi secara handmade. * Desain: Berpola mineral unik, sehingga setiap produk memiliki corak dan karakter tersendiri. * Kapasitas: Dides Checkout mudah melalui marketplace resmi Homelab.",in stock,new,85000 IDR,https://www.homelab.co.id/shop/teacanister-hijau,https://cf.shopee.co.id/file/id-11134207-7rasa-m29dr56k7ri1c6,Homelab
TeaCanister-Biru,Matcha Ceramic Canister - Biru,"Matcha Ceramic Canister varian Biru dari Homelab cocok untuk menyiapkan ritual matcha dengan alat yang rapi, nyaman, dan siap pakai. Anda mendapatkan pilihan produk yang praktis untuk kebutuhan harian, gifting, atau persiapan minuman di rumah dan cafe. Homelab Matcha Ceramic Canister / Wadah Bubuk Matcha Keramik Spesifikasi Produk: Matcha Ceramic Canister * Bahan: Terbuat dari keramik premium berkualitas tinggi, setiap canister diproduksi secara handmade. * Desain: Berpola mineral unik, sehingga setiap produk memiliki corak dan karakter tersendiri. * Kapasitas: Dides Checkout mudah melalui marketplace resmi Homelab.",in stock,new,85000 IDR,https://www.homelab.co.id/shop/teacanister-biru,https://cf.shopee.co.id/file/id-11134207-7rasa-m29dr56k7ri1c6,Homelab
TeaCanister-Cokelat,Matcha Ceramic Canister - Cokelat,"Matcha Ceramic Canister varian Cokelat dari Homelab cocok untuk menyiapkan ritual matcha dengan alat yang rapi, nyaman, dan siap pakai. Anda mendapatkan pilihan produk yang praktis untuk kebutuhan harian, gifting, atau persiapan minuman di rumah dan cafe. Homelab Matcha Ceramic Canister / Wadah Bubuk Matcha Keramik Spesifikasi Produk: Matcha Ceramic Canister * Bahan: Terbuat dari keramik premium berkualitas tinggi, setiap canister diproduksi secara handmade. * Desain: Berpola mineral unik, sehingga setiap produk memiliki corak dan karakter tersendiri. * Kapasitas: Dides Checkout mudah melalui marketplace resmi Homelab.",in stock,new,85000 IDR,https://www.homelab.co.id/shop/teacanister-cokelat,https://cf.shopee.co.id/file/id-11134207-7rasa-m29dr56k7ri1c6,Homelab
ChasenStandWhiteSpout,Matcha Chasen / Whisk Stand Holder - Duduka... - whitespout,"Matcha Chasen / Whisk Stand Holder - Duduka... varian whitespout dari Homelab cocok untuk menyiapkan ritual matcha dengan alat yang rapi, nyaman, dan siap pakai. Anda mendapatkan pilihan produk yang praktis untuk kebutuhan harian, gifting, atau persiapan minuman di rumah dan cafe. Chasen Stand adalah alat penting bagi pecinta teh Jepang yang ingin merawat dan menjaga bentuk chasen (pengocok bambu) mereka. Stand ini dirancang khusus untuk menahan chasen setelah digunakan, membantu menjaga bentuk Chasen agar tetap terbuka dan tidak rusak. Dengan bentuk yang elegan dan sederhana, chasen stand ini t Checkout mudah melalui marketplace resmi Homelab.",out of stock,new,98890 IDR,https://www.homelab.co.id/shop/chasenstandwhitespout,https://cf.shopee.co.id/file/id-11134207-7r98r-lzkawkzxlw4of0,Homelab
ChasenStandSingleFlower,Matcha Chasen / Whisk Stand Holder - Duduka... - SingleFlower,"Matcha Chasen / Whisk Stand Holder - Duduka... varian SingleFlower dari Homelab cocok untuk menyiapkan ritual matcha dengan alat yang rapi, nyaman, dan siap pakai. Anda mendapatkan pilihan produk yang praktis untuk kebutuhan harian, gifting, atau persiapan minuman di rumah dan cafe. Chasen Stand adalah alat penting bagi pecinta teh Jepang yang ingin merawat dan menjaga bentuk chasen (pengocok bambu) mereka. Stand ini dirancang khusus untuk menahan chasen setelah digunakan, membantu menjaga bentuk Chasen agar tetap terbuka dan tidak rusak. Dengan bentuk yang elegan dan sederhana, chasen stand ini t Checkout mudah melalui marketplace resmi Homelab.",out of stock,new,98890 IDR,https://www.homelab.co.id/shop/chasenstandsingleflower,https://cf.shopee.co.id/file/id-11134207-7r98r-lzkawkzxlw4of0,Homelab
ChasenStandFlowers,Matcha Chasen / Whisk Stand Holder - Duduka... - StandFlowers,"Matcha Chasen / Whisk Stand Holder - Duduka... varian StandFlowers dari Homelab cocok untuk menyiapkan ritual matcha dengan alat yang rapi, nyaman, dan siap pakai. Anda mendapatkan pilihan produk yang praktis untuk kebutuhan harian, gifting, atau persiapan minuman di rumah dan cafe. Chasen Stand adalah alat penting bagi pecinta teh Jepang yang ingin merawat dan menjaga bentuk chasen (pengocok bambu) mereka. Stand ini dirancang khusus untuk menahan chasen setelah digunakan, membantu menjaga bentuk Chasen agar tetap terbuka dan tidak rusak. Dengan bentuk yang elegan dan sederhana, chasen stand ini t Checkout mudah melalui marketplace resmi Homelab.",out of stock,new,98890 IDR,https://www.homelab.co.id/shop/chasenstandflowers,https://cf.shopee.co.id/file/id-11134207-7r98r-lzkawkzxlw4of0,Homelab
ChasenStandStoneBlack,Matcha Chasen / Whisk Stand Holder - Duduka... - StandStoneBlack,"Matcha Chasen / Whisk Stand Holder - Duduka... varian StandStoneBlack dari Homelab cocok untuk menyiapkan ritual matcha dengan alat yang rapi, nyaman, dan siap pakai. Anda mendapatkan pilihan produk yang praktis untuk kebutuhan harian, gifting, atau persiapan minuman di rumah dan cafe. Chasen Stand adalah alat penting bagi pecinta teh Jepang yang ingin merawat dan menjaga bentuk chasen (pengocok bambu) mereka. Stand ini dirancang khusus untuk menahan chasen setelah digunakan, membantu menjaga bentuk Chasen agar tetap terbuka dan tidak rusak. Dengan bentuk yang elegan dan sederhana, chasen stand ini t Checkout mudah melalui marketplace resmi Homelab.",out of stock,new,98890 IDR,https://www.homelab.co.id/shop/chasenstandstoneblack,https://cf.shopee.co.id/file/id-11134207-7r98r-lzkawkzxlw4of0,Homelab
ChasenStandBlackWhite,Matcha Chasen / Whisk Stand Holder - Duduka... - StandBlackWhite,"Matcha Chasen / Whisk Stand Holder - Duduka... varian StandBlackWhite dari Homelab cocok untuk menyiapkan ritual matcha dengan alat yang rapi, nyaman, dan siap pakai. Anda mendapatkan pilihan produk yang praktis untuk kebutuhan harian, gifting, atau persiapan minuman di rumah dan cafe. Chasen Stand adalah alat penting bagi pecinta teh Jepang yang ingin merawat dan menjaga bentuk chasen (pengocok bambu) mereka. Stand ini dirancang khusus untuk menahan chasen setelah digunakan, membantu menjaga bentuk Chasen agar tetap terbuka dan tidak rusak. Dengan bentuk yang elegan dan sederhana, chasen stand ini t Checkout mudah melalui marketplace resmi Homelab.",out of stock,new,98890 IDR,https://www.homelab.co.id/shop/chasenstandblackwhite,https://cf.shopee.co.id/file/id-11134207-7r98r-lzkawkzxlw4of0,Homelab
ChasenStandBlueWhite,Matcha Chasen / Whisk Stand Holder - Duduka... - StandBlueWhite,"Matcha Chasen / Whisk Stand Holder - Duduka... varian StandBlueWhite dari Homelab cocok untuk menyiapkan ritual matcha dengan alat yang rapi, nyaman, dan siap pakai. Anda mendapatkan pilihan produk yang praktis untuk kebutuhan harian, gifting, atau persiapan minuman di rumah dan cafe. Chasen Stand adalah alat penting bagi pecinta teh Jepang yang ingin merawat dan menjaga bentuk chasen (pengocok bambu) mereka. Stand ini dirancang khusus untuk menahan chasen setelah digunakan, membantu menjaga bentuk Chasen agar tetap terbuka dan tidak rusak. Dengan bentuk yang elegan dan sederhana, chasen stand ini t Checkout mudah melalui marketplace resmi Homelab.",out of stock,new,98890 IDR,https://www.homelab.co.id/shop/chasenstandbluewhite,https://cf.shopee.co.id/file/id-11134207-7r98r-lzkawkzxlw4of0,Homelab
ChasenStandJade,Matcha Chasen / Whisk Stand Holder - Duduka... - StandJade,"Matcha Chasen / Whisk Stand Holder - Duduka... varian StandJade dari Homelab cocok untuk menyiapkan ritual matcha dengan alat yang rapi, nyaman, dan siap pakai. Anda mendapatkan pilihan produk yang praktis untuk kebutuhan harian, gifting, atau persiapan minuman di rumah dan cafe. Chasen Stand adalah alat penting bagi pecinta teh Jepang yang ingin merawat dan menjaga bentuk chasen (pengocok bambu) mereka. Stand ini dirancang khusus untuk menahan chasen setelah digunakan, membantu menjaga bentuk Chasen agar tetap terbuka dan tidak rusak. Dengan bentuk yang elegan dan sederhana, chasen stand ini t Checkout mudah melalui marketplace resmi Homelab.",out of stock,new,98890 IDR,https://www.homelab.co.id/shop/chasenstandjade,https://cf.shopee.co.id/file/id-11134207-7r98r-lzkawkzxlw4of0,Homelab
Sendok-49A,"Precision Stainless Steel Measuring Scoop /..... - Silver, Besar","Precision Stainless Steel Measuring Scoop /..... varian Silver, Besar dari Homelab cocok untuk menyiapkan ritual matcha dengan alat yang rapi, nyaman, dan siap pakai. Anda mendapatkan pilihan produk yang praktis untuk kebutuhan harian, gifting, atau persiapan minuman di rumah dan cafe. Homelab Precision Stainless Steel Measuring Scoop / Spoon| Coffee & Matcha Dose Spoon 15ml / 30ml Deskripsi Produk Homelab Precision Stainless Steel Measuring Scoop / Spoon dirancang untuk membantu proses pengukuran bubuk minuman dengan lebih presisi dan konsisten. Scoop ini cocok digunakan untuk berbagai kebutuh Checkout mudah melalui marketplace resmi Homelab.",in stock,new,140000 IDR,https://www.homelab.co.id/shop/sendok-49a,https://cf.shopee.co.id/file/id-11134207-822wo-mlrixmnffqq723,Homelab
Sendok-48A,"Precision Stainless Steel Measuring Scoop /..... - Silver, Kecil","Precision Stainless Steel Measuring Scoop /..... varian Silver, Kecil dari Homelab cocok untuk menyiapkan ritual matcha dengan alat yang rapi, nyaman, dan siap pakai. Anda mendapatkan pilihan produk yang praktis untuk kebutuhan harian, gifting, atau persiapan minuman di rumah dan cafe. Homelab Precision Stainless Steel Measuring Scoop / Spoon| Coffee & Matcha Dose Spoon 15ml / 30ml Deskripsi Produk Homelab Precision Stainless Steel Measuring Scoop / Spoon dirancang untuk membantu proses pengukuran bubuk minuman dengan lebih presisi dan konsisten. Scoop ini cocok digunakan untuk berbagai kebutuh Checkout mudah melalui marketplace resmi Homelab.",in stock,new,120000 IDR,https://www.homelab.co.id/shop/sendok-48a,https://cf.shopee.co.id/file/id-11134207-822wo-mlrixmnffqq723,Homelab
Sendok-49B,"Precision Stainless Steel Measuring Scoop /..... - Hitam, Besar","Precision Stainless Steel Measuring Scoop /..... varian Hitam, Besar dari Homelab cocok untuk menyiapkan ritual matcha dengan alat yang rapi, nyaman, dan siap pakai. Anda mendapatkan pilihan produk yang praktis untuk kebutuhan harian, gifting, atau persiapan minuman di rumah dan cafe. Homelab Precision Stainless Steel Measuring Scoop / Spoon| Coffee & Matcha Dose Spoon 15ml / 30ml Deskripsi Produk Homelab Precision Stainless Steel Measuring Scoop / Spoon dirancang untuk membantu proses pengukuran bubuk minuman dengan lebih presisi dan konsisten. Scoop ini cocok digunakan untuk berbagai kebutuh Checkout mudah melalui marketplace resmi Homelab.",in stock,new,140000 IDR,https://www.homelab.co.id/shop/sendok-49b,https://cf.shopee.co.id/file/id-11134207-822wo-mlrixmnffqq723,Homelab
Sendok-48B,"Precision Stainless Steel Measuring Scoop /..... - Hitam, Kecil","Precision Stainless Steel Measuring Scoop /..... varian Hitam, Kecil dari Homelab cocok untuk menyiapkan ritual matcha dengan alat yang rapi, nyaman, dan siap pakai. Anda mendapatkan pilihan produk yang praktis untuk kebutuhan harian, gifting, atau persiapan minuman di rumah dan cafe. Homelab Precision Stainless Steel Measuring Scoop / Spoon| Coffee & Matcha Dose Spoon 15ml / 30ml Deskripsi Produk Homelab Precision Stainless Steel Measuring Scoop / Spoon dirancang untuk membantu proses pengukuran bubuk minuman dengan lebih presisi dan konsisten. Scoop ini cocok digunakan untuk berbagai kebutuh Checkout mudah melalui marketplace resmi Homelab.",in stock,new,120000 IDR,https://www.homelab.co.id/shop/sendok-48b,https://cf.shopee.co.id/file/id-11134207-822wo-mlrixmnffqq723,Homelab
Sendok-49C,"Precision Stainless Steel Measuring Scoop /..... - Gold, Besar","Precision Stainless Steel Measuring Scoop /..... varian Gold, Besar dari Homelab cocok untuk menyiapkan ritual matcha dengan alat yang rapi, nyaman, dan siap pakai. Anda mendapatkan pilihan produk yang praktis untuk kebutuhan harian, gifting, atau persiapan minuman di rumah dan cafe. Homelab Precision Stainless Steel Measuring Scoop / Spoon| Coffee & Matcha Dose Spoon 15ml / 30ml Deskripsi Produk Homelab Precision Stainless Steel Measuring Scoop / Spoon dirancang untuk membantu proses pengukuran bubuk minuman dengan lebih presisi dan konsisten. Scoop ini cocok digunakan untuk berbagai kebutuh Checkout mudah melalui marketplace resmi Homelab.",in stock,new,140000 IDR,https://www.homelab.co.id/shop/sendok-49c,https://cf.shopee.co.id/file/id-11134207-822wo-mlrixmnffqq723,Homelab
Sendok-48C,"Precision Stainless Steel Measuring Scoop /..... - Gold, Kecil","Precision Stainless Steel Measuring Scoop /..... varian Gold, Kecil dari Homelab cocok untuk menyiapkan ritual matcha dengan alat yang rapi, nyaman, dan siap pakai. Anda mendapatkan pilihan produk yang praktis untuk kebutuhan harian, gifting, atau persiapan minuman di rumah dan cafe. Homelab Precision Stainless Steel Measuring Scoop / Spoon| Coffee & Matcha Dose Spoon 15ml / 30ml Deskripsi Produk Homelab Precision Stainless Steel Measuring Scoop / Spoon dirancang untuk membantu proses pengukuran bubuk minuman dengan lebih presisi dan konsisten. Scoop ini cocok digunakan untuk berbagai kebutuh Checkout mudah melalui marketplace resmi Homelab.",in stock,new,120000 IDR,https://www.homelab.co.id/shop/sendok-48c,https://cf.shopee.co.id/file/id-11134207-822wo-mlrixmnffqq723,Homelab
Sendok-49D,"Precision Stainless Steel Measuring Scoop /..... - Rose, Besar","Precision Stainless Steel Measuring Scoop /..... varian Rose, Besar dari Homelab cocok untuk menyiapkan ritual matcha dengan alat yang rapi, nyaman, dan siap pakai. Anda mendapatkan pilihan produk yang praktis untuk kebutuhan harian, gifting, atau persiapan minuman di rumah dan cafe. Homelab Precision Stainless Steel Measuring Scoop / Spoon| Coffee & Matcha Dose Spoon 15ml / 30ml Deskripsi Produk Homelab Precision Stainless Steel Measuring Scoop / Spoon dirancang untuk membantu proses pengukuran bubuk minuman dengan lebih presisi dan konsisten. Scoop ini cocok digunakan untuk berbagai kebutuh Checkout mudah melalui marketplace resmi Homelab.",in stock,new,140000 IDR,https://www.homelab.co.id/shop/sendok-49d,https://cf.shopee.co.id/file/id-11134207-822wo-mlrixmnffqq723,Homelab
Sendok-48D,"Precision Stainless Steel Measuring Scoop /..... - Rose, Kecil","Precision Stainless Steel Measuring Scoop /..... varian Rose, Kecil dari Homelab cocok untuk menyiapkan ritual matcha dengan alat yang rapi, nyaman, dan siap pakai. Anda mendapatkan pilihan produk yang praktis untuk kebutuhan harian, gifting, atau persiapan minuman di rumah dan cafe. Homelab Precision Stainless Steel Measuring Scoop / Spoon| Coffee & Matcha Dose Spoon 15ml / 30ml Deskripsi Produk Homelab Precision Stainless Steel Measuring Scoop / Spoon dirancang untuk membantu proses pengukuran bubuk minuman dengan lebih presisi dan konsisten. Scoop ini cocok digunakan untuk berbagai kebutuh Checkout mudah melalui marketplace resmi Homelab.",in stock,new,120000 IDR,https://www.homelab.co.id/shop/sendok-48d,https://cf.shopee.co.id/file/id-11134207-822wo-mlrixmnffqq723,Homelab
Saringan,Matcha Sifter,"Matcha Sifter dari Homelab cocok untuk menyiapkan ritual matcha dengan alat yang rapi, nyaman, dan siap pakai. Anda mendapatkan pilihan produk yang praktis untuk kebutuhan harian, gifting, atau persiapan minuman di rumah dan cafe. Homelab Matcha Shiter / Stainer / Saringan / Ayakan Bubuk Matcha HANYA SARINGAN, TIDAK TERMASUK MANGKOK DAN JUGA SENDOK PENGADUK! Saringan / Ayakan Matcha berbahan stainless steel dan berkualitas tinggi. Bolongan pori-pori yang halus yang dirancang khusus untuk menyaring bubuk matcha supaya tidak menggumpal saat mau Checkout mudah melalui marketplace resmi Homelab.",out of stock,new,125000 IDR,https://www.homelab.co.id/shop/saringan,https://p16-oec-va.ibyteimg.com/tos-maliva-i-o3syd03w52-us/0219394360aa4d9db9634799aa6fa5ce~tplv-o3syd03w52-origin-jpeg.jpeg?dr=15568&from=520841845&height=1080&idc=my&ps=933b5bde&shcp=2c1af732&shp=1f0b6a75&t=555f072d&width=1080,Homelab
SaringanB,Matcha Sifter,"Matcha Sifter dari Homelab cocok untuk menyiapkan ritual matcha dengan alat yang rapi, nyaman, dan siap pakai. Anda mendapatkan pilihan produk yang praktis untuk kebutuhan harian, gifting, atau persiapan minuman di rumah dan cafe. Homelab Matcha Sifter / Stainer / Saringan / Ayakan Bubuk Matcha HANYA SARINGAN, TIDAK TERMASUK MANGKOK DAN JUGA SENDOK PENGADUK! Saringan / Ayakan Matcha berbahan stainless steel dan berkualitas tinggi. Bolongan pori-pori yang halus yang dirancang khusus untuk menyaring bubuk matcha supaya tidak menggumpal saat mau Checkout mudah melalui marketplace resmi Homelab.",in stock,new,99900 IDR,https://www.homelab.co.id/shop/saringanb,https://cf.shopee.co.id/file/id-11134207-7rbk9-m70jxhqbxx9p2a,Homelab
Saringan-36,Tea Strainer - Silver,"Tea Strainer varian Silver dari Homelab cocok untuk menyiapkan ritual matcha dengan alat yang rapi, nyaman, dan siap pakai. Anda mendapatkan pilihan produk yang praktis untuk kebutuhan harian, gifting, atau persiapan minuman di rumah dan cafe. Homelab Tea Strainer Premium Mesh | Saringan Teh Stainless Steel Note: Produk ini dirancang untuk menyaring daun teh. TIDAK direkomendasikan untuk bubuk matcha karena partikel matcha sangat halus dan membutuhkan saringan khusus matcha. Homelab Tea Strainer dirancang untuk menyaring daun teh dengan hasil lebih ber Checkout mudah melalui marketplace resmi Homelab.",in stock,new,88990 IDR,https://www.homelab.co.id/shop/saringan-36,https://cf.shopee.co.id/file/id-11134207-8224w-ml1z9i8c5lhe70,Homelab
Saringan-37,Tea Strainer - Gold,"Tea Strainer varian Gold dari Homelab cocok untuk menyiapkan ritual matcha dengan alat yang rapi, nyaman, dan siap pakai. Anda mendapatkan pilihan produk yang praktis untuk kebutuhan harian, gifting, atau persiapan minuman di rumah dan cafe. Homelab Tea Strainer Premium Mesh | Saringan Teh Stainless Steel Note: Produk ini dirancang untuk menyaring daun teh. TIDAK direkomendasikan untuk bubuk matcha karena partikel matcha sangat halus dan membutuhkan saringan khusus matcha. Homelab Tea Strainer dirancang untuk menyaring daun teh dengan hasil lebih ber Checkout mudah melalui marketplace resmi Homelab.",in stock,new,95990 IDR,https://www.homelab.co.id/shop/saringan-37,https://cf.shopee.co.id/file/id-11134207-8224w-ml1z9i8c5lhe70,Homelab
Saringan-11,Tea Strainer - Rose Gold,"Tea Strainer varian Rose Gold dari Homelab cocok untuk menyiapkan ritual matcha dengan alat yang rapi, nyaman, dan siap pakai. Anda mendapatkan pilihan produk yang praktis untuk kebutuhan harian, gifting, atau persiapan minuman di rumah dan cafe. Homelab Tea Strainer Premium Mesh | Saringan Teh Stainless Steel Note: Produk ini dirancang untuk menyaring daun teh. TIDAK direkomendasikan untuk bubuk matcha karena partikel matcha sangat halus dan membutuhkan saringan khusus matcha. Homelab Tea Strainer dirancang untuk menyaring daun teh dengan hasil lebih ber Checkout mudah melalui marketplace resmi Homelab.",in stock,new,95990 IDR,https://www.homelab.co.id/shop/saringan-11,https://cf.shopee.co.id/file/id-11134207-8224w-ml1z9i8c5lhe70,Homelab
Saringan-12,Tea Strainer - Handle Kayu,"Tea Strainer varian Handle Kayu dari Homelab cocok untuk menyiapkan ritual matcha dengan alat yang rapi, nyaman, dan siap pakai. Anda mendapatkan pilihan produk yang praktis untuk kebutuhan harian, gifting, atau persiapan minuman di rumah dan cafe. Homelab Tea Strainer Premium Mesh | Saringan Teh Stainless Steel Note: Produk ini dirancang untuk menyaring daun teh. TIDAK direkomendasikan untuk bubuk matcha karena partikel matcha sangat halus dan membutuhkan saringan khusus matcha. Homelab Tea Strainer dirancang untuk menyaring daun teh dengan hasil lebih ber Checkout mudah melalui marketplace resmi Homelab.",in stock,new,190990 IDR,https://www.homelab.co.id/shop/saringan-12,https://cf.shopee.co.id/file/id-11134207-8224w-ml1z9i8c5lhe70,Homelab
Saringan-Matcha-33,Matcha Sifter - Klasik Silver,"Matcha Sifter varian Klasik Silver dari Homelab cocok untuk menyiapkan ritual matcha dengan alat yang rapi, nyaman, dan siap pakai. Anda mendapatkan pilihan produk yang praktis untuk kebutuhan harian, gifting, atau persiapan minuman di rumah dan cafe. Homelab Matcha Sifter dengan Dudukan | Saringan Matcha Stainless Steel Homelab Matcha Sifter dirancang untuk membantu menghasilkan bubuk matcha yang lebih halus sebelum proses whisking. Dilengkapi dudukan terintegrasi sehingga saringan dapat diletakkan dengan stabil di atas mangkuk tanpa menyentuh meja, menjaga area Checkout mudah melalui marketplace resmi Homelab.",in stock,new,86990 IDR,https://www.homelab.co.id/shop/saringan-matcha-33,https://cf.shopee.co.id/file/id-11134207-8224p-ml1vz3mlhxc195,Homelab
Saringan-Matcha-34,Matcha Sifter - Klasik Gold,"Matcha Sifter varian Klasik Gold dari Homelab cocok untuk menyiapkan ritual matcha dengan alat yang rapi, nyaman, dan siap pakai. Anda mendapatkan pilihan produk yang praktis untuk kebutuhan harian, gifting, atau persiapan minuman di rumah dan cafe. Homelab Matcha Sifter dengan Dudukan | Saringan Matcha Stainless Steel Homelab Matcha Sifter dirancang untuk membantu menghasilkan bubuk matcha yang lebih halus sebelum proses whisking. Dilengkapi dudukan terintegrasi sehingga saringan dapat diletakkan dengan stabil di atas mangkuk tanpa menyentuh meja, menjaga area Checkout mudah melalui marketplace resmi Homelab.",in stock,new,86990 IDR,https://www.homelab.co.id/shop/saringan-matcha-34,https://cf.shopee.co.id/file/id-11134207-8224p-ml1vz3mlhxc195,Homelab
Saringan-Matcha-35,Matcha Sifter - Teko Silver,"Matcha Sifter varian Teko Silver dari Homelab cocok untuk menyiapkan ritual matcha dengan alat yang rapi, nyaman, dan siap pakai. Anda mendapatkan pilihan produk yang praktis untuk kebutuhan harian, gifting, atau persiapan minuman di rumah dan cafe. Homelab Matcha Sifter dengan Dudukan | Saringan Matcha Stainless Steel Homelab Matcha Sifter dirancang untuk membantu menghasilkan bubuk matcha yang lebih halus sebelum proses whisking. Dilengkapi dudukan terintegrasi sehingga saringan dapat diletakkan dengan stabil di atas mangkuk tanpa menyentuh meja, menjaga area Checkout mudah melalui marketplace resmi Homelab.",in stock,new,86990 IDR,https://www.homelab.co.id/shop/saringan-matcha-35,https://cf.shopee.co.id/file/id-11134207-8224p-ml1vz3mlhxc195,Homelab
WhiskStand-30A,Matcha Whisk Holder,"Matcha Whisk Holder varian A dari Homelab cocok untuk menyiapkan ritual matcha dengan alat yang rapi, nyaman, dan siap pakai. Anda mendapatkan pilihan produk yang praktis untuk kebutuhan harian, gifting, atau persiapan minuman di rumah dan cafe. Deskripsi Produk Homelab Matcha Whisk Holder dirancang untuk menjaga bentuk chasen (matcha whisk) setelah digunakan. Bentuknya mengikuti struktur alami chasen sehingga membantu mempertahankan kelengkungan bambu dan memperpanjang umur penggunaan whisk. Dudukan ini sangat penting dalam ritual matcha karena membantu Checkout mudah melalui marketplace resmi Homelab.",in stock,new,155000 IDR,https://www.homelab.co.id/shop/whiskstand-30a,https://cf.shopee.co.id/file/id-11134207-822wr-mlrj1rknqdxr25,Homelab
WhiskStand-30B,Matcha Whisk Holder - B,"Matcha Whisk Holder varian B dari Homelab cocok untuk menyiapkan ritual matcha dengan alat yang rapi, nyaman, dan siap pakai. Anda mendapatkan pilihan produk yang praktis untuk kebutuhan harian, gifting, atau persiapan minuman di rumah dan cafe. Deskripsi Produk Homelab Matcha Whisk Holder dirancang untuk menjaga bentuk chasen (matcha whisk) setelah digunakan. Bentuknya mengikuti struktur alami chasen sehingga membantu mempertahankan kelengkungan bambu dan memperpanjang umur penggunaan whisk. Dudukan ini sangat penting dalam ritual matcha karena membantu Checkout mudah melalui marketplace resmi Homelab.",in stock,new,155000 IDR,https://www.homelab.co.id/shop/whiskstand-30b,https://cf.shopee.co.id/file/id-11134207-822wr-mlrj1rknqdxr25,Homelab
WhiskStand-30C,Matcha Whisk Holder,"Matcha Whisk Holder varian C dari Homelab cocok untuk menyiapkan ritual matcha dengan alat yang rapi, nyaman, dan siap pakai. Anda mendapatkan pilihan produk yang praktis untuk kebutuhan harian, gifting, atau persiapan minuman di rumah dan cafe. Deskripsi Produk Homelab Matcha Whisk Holder dirancang untuk menjaga bentuk chasen (matcha whisk) setelah digunakan. Bentuknya mengikuti struktur alami chasen sehingga membantu mempertahankan kelengkungan bambu dan memperpanjang umur penggunaan whisk. Dudukan ini sangat penting dalam ritual matcha karena membantu Checkout mudah melalui marketplace resmi Homelab.",in stock,new,155000 IDR,https://www.homelab.co.id/shop/whiskstand-30c,https://cf.shopee.co.id/file/id-11134207-822wr-mlrj1rknqdxr25,Homelab
WhiskStand-30D,Matcha Whisk Holder,"Matcha Whisk Holder varian D dari Homelab cocok untuk menyiapkan ritual matcha dengan alat yang rapi, nyaman, dan siap pakai. Anda mendapatkan pilihan produk yang praktis untuk kebutuhan harian, gifting, atau persiapan minuman di rumah dan cafe. Deskripsi Produk Homelab Matcha Whisk Holder dirancang untuk menjaga bentuk chasen (matcha whisk) setelah digunakan. Bentuknya mengikuti struktur alami chasen sehingga membantu mempertahankan kelengkungan bambu dan memperpanjang umur penggunaan whisk. Dudukan ini sangat penting dalam ritual matcha karena membantu Checkout mudah melalui marketplace resmi Homelab.",in stock,new,155000 IDR,https://www.homelab.co.id/shop/whiskstand-30d,https://cf.shopee.co.id/file/id-11134207-822wr-mlrj1rknqdxr25,Homelab
WhiskStand-30E,Matcha Whisk Holder,"Matcha Whisk Holder varian E dari Homelab cocok untuk menyiapkan ritual matcha dengan alat yang rapi, nyaman, dan siap pakai. Anda mendapatkan pilihan produk yang praktis untuk kebutuhan harian, gifting, atau persiapan minuman di rumah dan cafe. Deskripsi Produk Homelab Matcha Whisk Holder dirancang untuk menjaga bentuk chasen (matcha whisk) setelah digunakan. Bentuknya mengikuti struktur alami chasen sehingga membantu mempertahankan kelengkungan bambu dan memperpanjang umur penggunaan whisk. Dudukan ini sangat penting dalam ritual matcha karena membantu Checkout mudah melalui marketplace resmi Homelab.",in stock,new,155000 IDR,https://www.homelab.co.id/shop/whiskstand-30e,https://cf.shopee.co.id/file/id-11134207-822wr-mlrj1rknqdxr25,Homelab
WhiskStand-31,Matcha Whisk Holder - Pink,"Matcha Whisk Holder varian Pink dari Homelab cocok untuk menyiapkan ritual matcha dengan alat yang rapi, nyaman, dan siap pakai. Anda mendapatkan pilihan produk yang praktis untuk kebutuhan harian, gifting, atau persiapan minuman di rumah dan cafe. Deskripsi Produk Homelab Matcha Whisk Holder dirancang untuk menjaga bentuk chasen (matcha whisk) setelah digunakan. Bentuknya mengikuti struktur alami chasen sehingga membantu mempertahankan kelengkungan bambu dan memperpanjang umur penggunaan whisk. Dudukan ini sangat penting dalam ritual matcha karena membantu Checkout mudah melalui marketplace resmi Homelab.",in stock,new,155000 IDR,https://www.homelab.co.id/shop/whiskstand-31,https://cf.shopee.co.id/file/id-11134207-822wr-mlrj1rknqdxr25,Homelab
WhiskStand-32,Matcha Whisk Holder - Kayu,"Matcha Whisk Holder varian Kayu dari Homelab cocok untuk menyiapkan ritual matcha dengan alat yang rapi, nyaman, dan siap pakai. Anda mendapatkan pilihan produk yang praktis untuk kebutuhan harian, gifting, atau persiapan minuman di rumah dan cafe. Deskripsi Produk Homelab Matcha Whisk Holder dirancang untuk menjaga bentuk chasen (matcha whisk) setelah digunakan. Bentuknya mengikuti struktur alami chasen sehingga membantu mempertahankan kelengkungan bambu dan memperpanjang umur penggunaan whisk. Dudukan ini sangat penting dalam ritual matcha karena membantu Checkout mudah melalui marketplace resmi Homelab.",in stock,new,289000 IDR,https://www.homelab.co.id/shop/whiskstand-32,https://cf.shopee.co.id/file/id-11134207-822wr-mlrj1rknqdxr25,Homelab
ChasenStand-Clear,Matcha Whisk Holder Glass Stand - Dudukan /... - Clear,"Matcha Whisk Holder Glass Stand - Dudukan /... varian Clear dari Homelab cocok untuk menyiapkan ritual matcha dengan alat yang rapi, nyaman, dan siap pakai. Anda mendapatkan pilihan produk yang praktis untuk kebutuhan harian, gifting, atau persiapan minuman di rumah dan cafe. Homelab Matcha Whisk Holder Glass Stand - Dudukan / Tatakan Pengaduk Matcha Kaca Spesifikasi: •⁠ ⁠Clear Glass Stand •⁠ ⁠Bahan: Kaca transparan berkualitas tinggi •⁠ ⁠Warna: Transparan (Clear) dan Transparan (Black) •⁠ ⁠Ukuran: Diameter 5.5 cm, Tinggi 7 cm •⁠ ⁠Fungsi: Menjaga bentuk dan ketahanan whisk (chasen) s Checkout mudah melalui marketplace resmi Homelab.",in stock,new,155000 IDR,https://www.homelab.co.id/shop/chasenstand-clear,https://cf.shopee.co.id/file/id-11134207-7rash-m0ppb8zjptsw35,Homelab
ChasenStand-ClearBlack,Matcha Whisk Holder Glass Stand - Dudukan /... - Black,"Matcha Whisk Holder Glass Stand - Dudukan /... varian Black dari Homelab cocok untuk menyiapkan ritual matcha dengan alat yang rapi, nyaman, dan siap pakai. Anda mendapatkan pilihan produk yang praktis untuk kebutuhan harian, gifting, atau persiapan minuman di rumah dan cafe. Homelab Matcha Whisk Holder Glass Stand - Dudukan / Tatakan Pengaduk Matcha Kaca Spesifikasi: •⁠ ⁠Clear Glass Stand •⁠ ⁠Bahan: Kaca transparan berkualitas tinggi •⁠ ⁠Warna: Transparan (Clear) dan Transparan (Black) •⁠ ⁠Ukuran: Diameter 5.5 cm, Tinggi 7 cm •⁠ ⁠Fungsi: Menjaga bentuk dan ketahanan whisk (chasen) s Checkout mudah melalui marketplace resmi Homelab.",in stock,new,155000 IDR,https://www.homelab.co.id/shop/chasenstand-clearblack,https://cf.shopee.co.id/file/id-11134207-7rash-m0ppb8zjptsw35,Homelab
HL-Matcha-Bowl-9A,Matcha Bowl No.9,"Matcha Bowl No.9 varian A dari Homelab cocok untuk menyiapkan ritual matcha dengan alat yang rapi, nyaman, dan siap pakai. Anda mendapatkan pilihan produk yang praktis untuk kebutuhan harian, gifting, atau persiapan minuman di rumah dan cafe. Homelab Matcha Bowl Artisan Series ini memiliki karakter artisan yang kuat dengan bentuk asimetris dan spout tuang yang tegas. Setiap mangkuk dibuat dengan detail tekstur alami yang memberikan tampilan unik dan berkelas. Bentuk mangkuk mendukung proses whisking matcha dengan matcha whisk yang lebih kecil, dengan bent Checkout mudah melalui marketplace resmi Homelab.",in stock,new,153990 IDR,https://www.homelab.co.id/shop/hl-matcha-bowl-9a,https://cf.shopee.co.id/file/id-11134207-82251-mk8657cvlam808,Homelab
HL-Matcha-Bowl-9B,Matcha Bowl No.9,"Matcha Bowl No.9 varian B dari Homelab cocok untuk menyiapkan ritual matcha dengan alat yang rapi, nyaman, dan siap pakai. Anda mendapatkan pilihan produk yang praktis untuk kebutuhan harian, gifting, atau persiapan minuman di rumah dan cafe. Homelab Matcha Bowl Artisan Series ini memiliki karakter artisan yang kuat dengan bentuk asimetris dan spout tuang yang tegas. Setiap mangkuk dibuat dengan detail tekstur alami yang memberikan tampilan unik dan berkelas. Bentuk mangkuk mendukung proses whisking matcha dengan matcha whisk yang lebih kecil, dengan bent Checkout mudah melalui marketplace resmi Homelab.",in stock,new,153990 IDR,https://www.homelab.co.id/shop/hl-matcha-bowl-9b,https://cf.shopee.co.id/file/id-11134207-82251-mk8657cvlam808,Homelab
HL-Matcha-Bowl-9C,Matcha Bowl No.9,"Matcha Bowl No.9 varian C dari Homelab cocok untuk menyiapkan ritual matcha dengan alat yang rapi, nyaman, dan siap pakai. Anda mendapatkan pilihan produk yang praktis untuk kebutuhan harian, gifting, atau persiapan minuman di rumah dan cafe. Homelab Matcha Bowl Artisan Series ini memiliki karakter artisan yang kuat dengan bentuk asimetris dan spout tuang yang tegas. Setiap mangkuk dibuat dengan detail tekstur alami yang memberikan tampilan unik dan berkelas. Bentuk mangkuk mendukung proses whisking matcha dengan matcha whisk yang lebih kecil, dengan bent Checkout mudah melalui marketplace resmi Homelab.",in stock,new,153990 IDR,https://www.homelab.co.id/shop/hl-matcha-bowl-9c,https://cf.shopee.co.id/file/id-11134207-82251-mk8657cvlam808,Homelab
HL-Matcha-Bowl-9D,Matcha Bowl No.9 - D,"Matcha Bowl No.9 varian D dari Homelab cocok untuk menyiapkan ritual matcha dengan alat yang rapi, nyaman, dan siap pakai. Anda mendapatkan pilihan produk yang praktis untuk kebutuhan harian, gifting, atau persiapan minuman di rumah dan cafe. Homelab Matcha Bowl Artisan Series ini memiliki karakter artisan yang kuat dengan bentuk asimetris dan spout tuang yang tegas. Setiap mangkuk dibuat dengan detail tekstur alami yang memberikan tampilan unik dan berkelas. Bentuk mangkuk mendukung proses whisking matcha dengan matcha whisk yang lebih kecil, dengan bent Checkout mudah melalui marketplace resmi Homelab.",in stock,new,153990 IDR,https://www.homelab.co.id/shop/hl-matcha-bowl-9d,https://cf.shopee.co.id/file/id-11134207-82251-mk8657cvlam808,Homelab
HL-Matcha-Bowl-9E,Matcha Bowl No.9 - E,"Matcha Bowl No.9 varian E dari Homelab cocok untuk menyiapkan ritual matcha dengan alat yang rapi, nyaman, dan siap pakai. Anda mendapatkan pilihan produk yang praktis untuk kebutuhan harian, gifting, atau persiapan minuman di rumah dan cafe. Homelab Matcha Bowl Artisan Series ini memiliki karakter artisan yang kuat dengan bentuk asimetris dan spout tuang yang tegas. Setiap mangkuk dibuat dengan detail tekstur alami yang memberikan tampilan unik dan berkelas. Bentuk mangkuk mendukung proses whisking matcha dengan matcha whisk yang lebih kecil, dengan bent Checkout mudah melalui marketplace resmi Homelab.",in stock,new,153990 IDR,https://www.homelab.co.id/shop/hl-matcha-bowl-9e,https://cf.shopee.co.id/file/id-11134207-82251-mk8657cvlam808,Homelab
HL-Matcha-Bowl-5A,Matcha Bowl No.5 - Jade,"Matcha Bowl No.5 varian Jade dari Homelab cocok untuk menyiapkan ritual matcha dengan alat yang rapi, nyaman, dan siap pakai. Anda mendapatkan pilihan produk yang praktis untuk kebutuhan harian, gifting, atau persiapan minuman di rumah dan cafe. Homelab Matcha Bowl Premium ini dibuat untuk kamu yang ingin hasil whisking matcha lebih maksimal tanpa ribet. Desain mangkuk membantu gerakan whisk jadi lebih stabil, foam lebih halus, dan proses menyeduh terasa lebih nyaman. Artinya: waktu seduh lebih singkat, hasil matcha lebih konsisten, dan pengalaman minum matcha Checkout mudah melalui marketplace resmi Homelab.",in stock,new,175990 IDR,https://www.homelab.co.id/shop/hl-matcha-bowl-5a,https://cf.shopee.co.id/file/id-11134207-8224s-mk83rw4m41s3c3,Homelab
HL-Matcha-Bowl-5B,Matcha Bowl No.5 - Hijau,"Matcha Bowl No.5 varian Hijau dari Homelab cocok untuk menyiapkan ritual matcha dengan alat yang rapi, nyaman, dan siap pakai. Anda mendapatkan pilihan produk yang praktis untuk kebutuhan harian, gifting, atau persiapan minuman di rumah dan cafe. Homelab Matcha Bowl Premium ini dibuat untuk kamu yang ingin hasil whisking matcha lebih maksimal tanpa ribet. Desain mangkuk membantu gerakan whisk jadi lebih stabil, foam lebih halus, dan proses menyeduh terasa lebih nyaman. Artinya: waktu seduh lebih singkat, hasil matcha lebih konsisten, dan pengalaman minum matcha Checkout mudah melalui marketplace resmi Homelab.",in stock,new,175990 IDR,https://www.homelab.co.id/shop/hl-matcha-bowl-5b,https://cf.shopee.co.id/file/id-11134207-8224s-mk83rw4m41s3c3,Homelab
HL-Matcha-Bowl-5C,Matcha Bowl No.5 - Broken White,"Matcha Bowl No.5 varian Broken White dari Homelab cocok untuk menyiapkan ritual matcha dengan alat yang rapi, nyaman, dan siap pakai. Anda mendapatkan pilihan produk yang praktis untuk kebutuhan harian, gifting, atau persiapan minuman di rumah dan cafe. Homelab Matcha Bowl Premium ini dibuat untuk kamu yang ingin hasil whisking matcha lebih maksimal tanpa ribet. Desain mangkuk membantu gerakan whisk jadi lebih stabil, foam lebih halus, dan proses menyeduh terasa lebih nyaman. Artinya: waktu seduh lebih singkat, hasil matcha lebih konsisten, dan pengalaman minum matcha Checkout mudah melalui marketplace resmi Homelab.",in stock,new,175990 IDR,https://www.homelab.co.id/shop/hl-matcha-bowl-5c,https://cf.shopee.co.id/file/id-11134207-8224s-mk83rw4m41s3c3,Homelab
HL-Matcha-Bowl-5D,Matcha Bowl No.5 - Hitam,"Matcha Bowl No.5 varian Hitam dari Homelab cocok untuk menyiapkan ritual matcha dengan alat yang rapi, nyaman, dan siap pakai. Anda mendapatkan pilihan produk yang praktis untuk kebutuhan harian, gifting, atau persiapan minuman di rumah dan cafe. Homelab Matcha Bowl Premium ini dibuat untuk kamu yang ingin hasil whisking matcha lebih maksimal tanpa ribet. Desain mangkuk membantu gerakan whisk jadi lebih stabil, foam lebih halus, dan proses menyeduh terasa lebih nyaman. Artinya: waktu seduh lebih singkat, hasil matcha lebih konsisten, dan pengalaman minum matcha Checkout mudah melalui marketplace resmi Homelab.",in stock,new,175990 IDR,https://www.homelab.co.id/shop/hl-matcha-bowl-5d,https://cf.shopee.co.id/file/id-11134207-8224s-mk83rw4m41s3c3,Homelab
HL-Matcha-Bowl-7A,Matcha Bowl No.7,"Matcha Bowl No.7 varian A dari Homelab cocok untuk menyiapkan ritual matcha dengan alat yang rapi, nyaman, dan siap pakai. Anda mendapatkan pilihan produk yang praktis untuk kebutuhan harian, gifting, atau persiapan minuman di rumah dan cafe. Homelab Matcha Bowl ini dirancang untuk kamu yang mengutamakan tampilan premium sekaligus kenyamanan saat menyeduh matcha. Proporsi mangkuk terasa seimbang di tangan, membantu proses whisking lebih halus, stabil, dan rapi. Dengan finishing yang elegan dan detail yang berkelas, matcha bowl ini tidak hanya fungsional Checkout mudah melalui marketplace resmi Homelab.",in stock,new,175990 IDR,https://www.homelab.co.id/shop/hl-matcha-bowl-7a,https://cf.shopee.co.id/file/id-11134207-8224x-mk8565ssvsw7e5,Homelab
HL-Matcha-Bowl-7B,Matcha Bowl No.7,"Matcha Bowl No.7 varian B dari Homelab cocok untuk menyiapkan ritual matcha dengan alat yang rapi, nyaman, dan siap pakai. Anda mendapatkan pilihan produk yang praktis untuk kebutuhan harian, gifting, atau persiapan minuman di rumah dan cafe. Homelab Matcha Bowl ini dirancang untuk kamu yang mengutamakan tampilan premium sekaligus kenyamanan saat menyeduh matcha. Proporsi mangkuk terasa seimbang di tangan, membantu proses whisking lebih halus, stabil, dan rapi. Dengan finishing yang elegan dan detail yang berkelas, matcha bowl ini tidak hanya fungsional Checkout mudah melalui marketplace resmi Homelab.",in stock,new,175990 IDR,https://www.homelab.co.id/shop/hl-matcha-bowl-7b,https://cf.shopee.co.id/file/id-11134207-8224x-mk8565ssvsw7e5,Homelab
HL-Matcha-Bowl-7C,Matcha Bowl No.7,"Matcha Bowl No.7 varian C dari Homelab cocok untuk menyiapkan ritual matcha dengan alat yang rapi, nyaman, dan siap pakai. Anda mendapatkan pilihan produk yang praktis untuk kebutuhan harian, gifting, atau persiapan minuman di rumah dan cafe. Homelab Matcha Bowl ini dirancang untuk kamu yang mengutamakan tampilan premium sekaligus kenyamanan saat menyeduh matcha. Proporsi mangkuk terasa seimbang di tangan, membantu proses whisking lebih halus, stabil, dan rapi. Dengan finishing yang elegan dan detail yang berkelas, matcha bowl ini tidak hanya fungsional Checkout mudah melalui marketplace resmi Homelab.",in stock,new,175990 IDR,https://www.homelab.co.id/shop/hl-matcha-bowl-7c,https://cf.shopee.co.id/file/id-11134207-8224x-mk8565ssvsw7e5,Homelab
HL-Matcha-Bowl-7D,Matcha Bowl No.7 - D,"Matcha Bowl No.7 varian D dari Homelab cocok untuk menyiapkan ritual matcha dengan alat yang rapi, nyaman, dan siap pakai. Anda mendapatkan pilihan produk yang praktis untuk kebutuhan harian, gifting, atau persiapan minuman di rumah dan cafe. Homelab Matcha Bowl ini dirancang untuk kamu yang mengutamakan tampilan premium sekaligus kenyamanan saat menyeduh matcha. Proporsi mangkuk terasa seimbang di tangan, membantu proses whisking lebih halus, stabil, dan rapi. Dengan finishing yang elegan dan detail yang berkelas, matcha bowl ini tidak hanya fungsional Checkout mudah melalui marketplace resmi Homelab.",in stock,new,175990 IDR,https://www.homelab.co.id/shop/hl-matcha-bowl-7d,https://cf.shopee.co.id/file/id-11134207-8224x-mk8565ssvsw7e5,Homelab
HL-Matcha-Bowl-7E,Matcha Bowl No.7 - E,"Matcha Bowl No.7 varian E dari Homelab cocok untuk menyiapkan ritual matcha dengan alat yang rapi, nyaman, dan siap pakai. Anda mendapatkan pilihan produk yang praktis untuk kebutuhan harian, gifting, atau persiapan minuman di rumah dan cafe. Homelab Matcha Bowl ini dirancang untuk kamu yang mengutamakan tampilan premium sekaligus kenyamanan saat menyeduh matcha. Proporsi mangkuk terasa seimbang di tangan, membantu proses whisking lebih halus, stabil, dan rapi. Dengan finishing yang elegan dan detail yang berkelas, matcha bowl ini tidak hanya fungsional Checkout mudah melalui marketplace resmi Homelab.",in stock,new,175990 IDR,https://www.homelab.co.id/shop/hl-matcha-bowl-7e,https://cf.shopee.co.id/file/id-11134207-8224x-mk8565ssvsw7e5,Homelab
WhiskPanjang-Golden-1731183868201698884,Full-Hand Chasen Set,"Full-Hand Chasen Set dari Homelab cocok untuk menyiapkan ritual matcha dengan alat yang rapi, nyaman, dan siap pakai. Anda mendapatkan pilihan produk yang praktis untuk kebutuhan harian, gifting, atau persiapan minuman di rumah dan cafe. Handcrafted Full-Hand Matcha Whisk amp; Scoop - Natural High Quality Golden Bamboo Matcha whisk atau Chasen dari Homelab dibuat sangat teliti dengan tangan secara tradisional. Terbuat dari satu batang Golden Bamboo pilihan tanpa potongan, Full-hand Matcha Whisk dengan ujung yang lebih kecil dan mempermudah Anda untuk m Checkout mudah melalui marketplace resmi Homelab.",in stock,new,199990 IDR,https://www.homelab.co.id/shop/full-hand-chasen-set-98884-whiskpanjang-golden,https://cf.shopee.co.id/file/94b7f0b07f6f83f3eaa64cf62d18812d,Homelab
WhiskPendek-Purple,Bamboo Chasen Set - Short Purple Whisk 120 Prongs,"Bamboo Chasen Set varian Short Purple Whisk 120 Prongs dari Homelab cocok untuk menyiapkan ritual matcha dengan alat yang rapi, nyaman, dan siap pakai. Anda mendapatkan pilihan produk yang praktis untuk kebutuhan harian, gifting, atau persiapan minuman di rumah dan cafe. Handcrafted Matcha Whisk (120 prongs) & Scoop - Natural High Quality Purple Bamboo Matcha whisk atau Chasen dari Homelab dibuat sangat teliti dengan tangan secara tradisional. Terbuat dari Purple Bamboo yang jauh lebih kuat dari bambu biasanya. Memiliki 120 prongs (tali/cabang) yang mempermudah melarutkan bubuk matc Checkout mudah melalui marketplace resmi Homelab.",out of stock,new,255000 IDR,https://www.homelab.co.id/shop/whiskpendek-purple,https://p16-oec-va.ibyteimg.com/tos-maliva-i-o3syd03w52-us/a8c017c54e4749ffaa6236f8c7e432d3~tplv-o3syd03w52-origin-jpeg.jpeg?dr=15568&from=520841845&height=1080&idc=my&ps=933b5bde&shcp=2c1af732&shp=1f0b6a75&t=555f072d&width=1080,Homelab
WhiskPanjang-Golden-1729430877946874436,Bamboo Chasen Set - Long Golden Bamboo,"Bamboo Chasen Set varian Long Golden Bamboo dari Homelab cocok untuk menyiapkan ritual matcha dengan alat yang rapi, nyaman, dan siap pakai. Anda mendapatkan pilihan produk yang praktis untuk kebutuhan harian, gifting, atau persiapan minuman di rumah dan cafe. Handcrafted Matcha Whisk (120 prongs) & Scoop - Natural High Quality Purple Bamboo Matcha whisk atau Chasen dari Homelab dibuat sangat teliti dengan tangan secara tradisional. Terbuat dari Purple Bamboo yang jauh lebih kuat dari bambu biasanya. Memiliki 120 prongs (tali/cabang) yang mempermudah melarutkan bubuk matc Checkout mudah melalui marketplace resmi Homelab.",in stock,new,199990 IDR,https://www.homelab.co.id/shop/chasen-matcha-whisk-scoop-premium-bamboo-74436-whiskpanjang-golden,https://p16-oec-va.ibyteimg.com/tos-maliva-i-o3syd03w52-us/a8c017c54e4749ffaa6236f8c7e432d3~tplv-o3syd03w52-origin-jpeg.jpeg?dr=15568&from=520841845&height=1080&idc=my&ps=933b5bde&shcp=2c1af732&shp=1f0b6a75&t=555f072d&width=1080,Homelab
HL-Matcha-Bowl-10A,Matcha Bowl No.10,"Matcha Bowl No.10 varian A dari Homelab cocok untuk menyiapkan ritual matcha dengan alat yang rapi, nyaman, dan siap pakai. Anda mendapatkan pilihan produk yang praktis untuk kebutuhan harian, gifting, atau persiapan minuman di rumah dan cafe. Homelab Matcha Bowl ini hadir dengan bentuk bulat klasik dan dinding tebal yang memberikan kesan kokoh serta premium. Tekstur alami pada permukaan mangkuk menampilkan karakter artisan yang kuat, membuat setiap produk terasa unik. Desainnya mendukung proses whisking matcha yang stabil dan nyaman, cocok untuk matcha Checkout mudah melalui marketplace resmi Homelab.",in stock,new,192990 IDR,https://www.homelab.co.id/shop/hl-matcha-bowl-10a,https://cf.shopee.co.id/file/id-11134207-8224r-ml1v6ujbc16rfe,Homelab
HL-Matcha-Bowl-10B,Matcha Bowl No.10,"Matcha Bowl No.10 varian B dari Homelab cocok untuk menyiapkan ritual matcha dengan alat yang rapi, nyaman, dan siap pakai. Anda mendapatkan pilihan produk yang praktis untuk kebutuhan harian, gifting, atau persiapan minuman di rumah dan cafe. Homelab Matcha Bowl ini hadir dengan bentuk bulat klasik dan dinding tebal yang memberikan kesan kokoh serta premium. Tekstur alami pada permukaan mangkuk menampilkan karakter artisan yang kuat, membuat setiap produk terasa unik. Desainnya mendukung proses whisking matcha yang stabil dan nyaman, cocok untuk matcha Checkout mudah melalui marketplace resmi Homelab.",in stock,new,192990 IDR,https://www.homelab.co.id/shop/hl-matcha-bowl-10b,https://cf.shopee.co.id/file/id-11134207-8224r-ml1v6ujbc16rfe,Homelab
HL-Matcha-Bowl-10C,Matcha Bowl No.10,"Matcha Bowl No.10 varian C dari Homelab cocok untuk menyiapkan ritual matcha dengan alat yang rapi, nyaman, dan siap pakai. Anda mendapatkan pilihan produk yang praktis untuk kebutuhan harian, gifting, atau persiapan minuman di rumah dan cafe. Homelab Matcha Bowl ini hadir dengan bentuk bulat klasik dan dinding tebal yang memberikan kesan kokoh serta premium. Tekstur alami pada permukaan mangkuk menampilkan karakter artisan yang kuat, membuat setiap produk terasa unik. Desainnya mendukung proses whisking matcha yang stabil dan nyaman, cocok untuk matcha Checkout mudah melalui marketplace resmi Homelab.",in stock,new,192990 IDR,https://www.homelab.co.id/shop/hl-matcha-bowl-10c,https://cf.shopee.co.id/file/id-11134207-8224r-ml1v6ujbc16rfe,Homelab
HL-Matcha-Bowl-10D,Matcha Bowl No.10 - D,"Matcha Bowl No.10 varian D dari Homelab cocok untuk menyiapkan ritual matcha dengan alat yang rapi, nyaman, dan siap pakai. Anda mendapatkan pilihan produk yang praktis untuk kebutuhan harian, gifting, atau persiapan minuman di rumah dan cafe. Homelab Matcha Bowl ini hadir dengan bentuk bulat klasik dan dinding tebal yang memberikan kesan kokoh serta premium. Tekstur alami pada permukaan mangkuk menampilkan karakter artisan yang kuat, membuat setiap produk terasa unik. Desainnya mendukung proses whisking matcha yang stabil dan nyaman, cocok untuk matcha Checkout mudah melalui marketplace resmi Homelab.",in stock,new,192990 IDR,https://www.homelab.co.id/shop/hl-matcha-bowl-10d,https://cf.shopee.co.id/file/id-11134207-8224r-ml1v6ujbc16rfe,Homelab
HL-Matcha-Bowl-10E,Matcha Bowl No.10 - E,"Matcha Bowl No.10 varian E dari Homelab cocok untuk menyiapkan ritual matcha dengan alat yang rapi, nyaman, dan siap pakai. Anda mendapatkan pilihan produk yang praktis untuk kebutuhan harian, gifting, atau persiapan minuman di rumah dan cafe. Homelab Matcha Bowl ini hadir dengan bentuk bulat klasik dan dinding tebal yang memberikan kesan kokoh serta premium. Tekstur alami pada permukaan mangkuk menampilkan karakter artisan yang kuat, membuat setiap produk terasa unik. Desainnya mendukung proses whisking matcha yang stabil dan nyaman, cocok untuk matcha Checkout mudah melalui marketplace resmi Homelab.",in stock,new,192990 IDR,https://www.homelab.co.id/shop/hl-matcha-bowl-10e,https://cf.shopee.co.id/file/id-11134207-8224r-ml1v6ujbc16rfe,Homelab
HL-Matcha-Bowl-2A,Matcha Bowl No.2 - Mint,"Matcha Bowl No.2 varian Mint dari Homelab cocok untuk menyiapkan ritual matcha dengan alat yang rapi, nyaman, dan siap pakai. Anda mendapatkan pilihan produk yang praktis untuk kebutuhan harian, gifting, atau persiapan minuman di rumah dan cafe. Homelab Matcha Bowl no.2 dirancang untuk kebutuhan ritual matcha ceremonial dengan fokus pada kenyamanan saat whisking. Ukuran dan bentuk mangkuk ideal untuk membantu proses pengadukan matcha agar lebih stabil dan menghasilkan foam yang halus dan merata. Cocok untuk pemula hingga pecinta matcha yang ingin menikmati pen Checkout mudah melalui marketplace resmi Homelab.",in stock,new,192990 IDR,https://www.homelab.co.id/shop/hl-matcha-bowl-2a,https://cf.shopee.co.id/file/id-11134207-82251-mk819aggkt1g05,Homelab
HL-Matcha-Bowl-2B,Matcha Bowl No.2 - Ungu,"Matcha Bowl No.2 varian Ungu dari Homelab cocok untuk menyiapkan ritual matcha dengan alat yang rapi, nyaman, dan siap pakai. Anda mendapatkan pilihan produk yang praktis untuk kebutuhan harian, gifting, atau persiapan minuman di rumah dan cafe. Homelab Matcha Bowl no.2 dirancang untuk kebutuhan ritual matcha ceremonial dengan fokus pada kenyamanan saat whisking. Ukuran dan bentuk mangkuk ideal untuk membantu proses pengadukan matcha agar lebih stabil dan menghasilkan foam yang halus dan merata. Cocok untuk pemula hingga pecinta matcha yang ingin menikmati pen Checkout mudah melalui marketplace resmi Homelab.",in stock,new,192990 IDR,https://www.homelab.co.id/shop/hl-matcha-bowl-2b,https://cf.shopee.co.id/file/id-11134207-82251-mk819aggkt1g05,Homelab
HL-Matcha-Bowl-2C,Matcha Bowl No.2 - Hijau,"Matcha Bowl No.2 varian Hijau dari Homelab cocok untuk menyiapkan ritual matcha dengan alat yang rapi, nyaman, dan siap pakai. Anda mendapatkan pilihan produk yang praktis untuk kebutuhan harian, gifting, atau persiapan minuman di rumah dan cafe. Homelab Matcha Bowl no.2 dirancang untuk kebutuhan ritual matcha ceremonial dengan fokus pada kenyamanan saat whisking. Ukuran dan bentuk mangkuk ideal untuk membantu proses pengadukan matcha agar lebih stabil dan menghasilkan foam yang halus dan merata. Cocok untuk pemula hingga pecinta matcha yang ingin menikmati pen Checkout mudah melalui marketplace resmi Homelab.",in stock,new,192990 IDR,https://www.homelab.co.id/shop/hl-matcha-bowl-2c,https://cf.shopee.co.id/file/id-11134207-82251-mk819aggkt1g05,Homelab
HL-Matcha-Bowl-2D,Matcha Bowl No.2 - Putih,"Matcha Bowl No.2 varian Putih dari Homelab cocok untuk menyiapkan ritual matcha dengan alat yang rapi, nyaman, dan siap pakai. Anda mendapatkan pilihan produk yang praktis untuk kebutuhan harian, gifting, atau persiapan minuman di rumah dan cafe. Homelab Matcha Bowl no.2 dirancang untuk kebutuhan ritual matcha ceremonial dengan fokus pada kenyamanan saat whisking. Ukuran dan bentuk mangkuk ideal untuk membantu proses pengadukan matcha agar lebih stabil dan menghasilkan foam yang halus dan merata. Cocok untuk pemula hingga pecinta matcha yang ingin menikmati pen Checkout mudah melalui marketplace resmi Homelab.",in stock,new,192990 IDR,https://www.homelab.co.id/shop/hl-matcha-bowl-2d,https://cf.shopee.co.id/file/id-11134207-82251-mk819aggkt1g05,Homelab
HL-Matcha-Bowl-3A,Matcha Bowl No.3 - Hijau,"Matcha Bowl No.3 varian Hijau dari Homelab cocok untuk menyiapkan ritual matcha dengan alat yang rapi, nyaman, dan siap pakai. Anda mendapatkan pilihan produk yang praktis untuk kebutuhan harian, gifting, atau persiapan minuman di rumah dan cafe. Homelab Matcha Bowl no.3 dirancang untuk memberikan ruang whisking yang lebih lega dan nyaman, membantu proses pengadukan matcha menjadi lebih stabil dan konsisten. Bentuk mangkuk mendukung pembentukan foam matcha yang halus dan merata, cocok untuk kebutuhan matcha ceremonial maupun matcha latte. Ideal untuk penggunaan Checkout mudah melalui marketplace resmi Homelab.",in stock,new,193900 IDR,https://www.homelab.co.id/shop/hl-matcha-bowl-3a,https://cf.shopee.co.id/file/id-11134207-8224r-mk839sfbdclhce,Homelab
HL-Matcha-Bowl-3B,Matcha Bowl No.3 - Jade,"Matcha Bowl No.3 varian Jade dari Homelab cocok untuk menyiapkan ritual matcha dengan alat yang rapi, nyaman, dan siap pakai. Anda mendapatkan pilihan produk yang praktis untuk kebutuhan harian, gifting, atau persiapan minuman di rumah dan cafe. Homelab Matcha Bowl no.3 dirancang untuk memberikan ruang whisking yang lebih lega dan nyaman, membantu proses pengadukan matcha menjadi lebih stabil dan konsisten. Bentuk mangkuk mendukung pembentukan foam matcha yang halus dan merata, cocok untuk kebutuhan matcha ceremonial maupun matcha latte. Ideal untuk penggunaan Checkout mudah melalui marketplace resmi Homelab.",in stock,new,193900 IDR,https://www.homelab.co.id/shop/hl-matcha-bowl-3b,https://cf.shopee.co.id/file/id-11134207-8224r-mk839sfbdclhce,Homelab
HL-Matcha-Bowl-3C,Matcha Bowl No.3 - Putih,"Matcha Bowl No.3 varian Putih dari Homelab cocok untuk menyiapkan ritual matcha dengan alat yang rapi, nyaman, dan siap pakai. Anda mendapatkan pilihan produk yang praktis untuk kebutuhan harian, gifting, atau persiapan minuman di rumah dan cafe. Homelab Matcha Bowl no.3 dirancang untuk memberikan ruang whisking yang lebih lega dan nyaman, membantu proses pengadukan matcha menjadi lebih stabil dan konsisten. Bentuk mangkuk mendukung pembentukan foam matcha yang halus dan merata, cocok untuk kebutuhan matcha ceremonial maupun matcha latte. Ideal untuk penggunaan Checkout mudah melalui marketplace resmi Homelab.",in stock,new,193900 IDR,https://www.homelab.co.id/shop/hl-matcha-bowl-3c,https://cf.shopee.co.id/file/id-11134207-8224r-mk839sfbdclhce,Homelab
HL-Matcha-Bowl-3D,Matcha Bowl No.3 - Mint,"Matcha Bowl No.3 varian Mint dari Homelab cocok untuk menyiapkan ritual matcha dengan alat yang rapi, nyaman, dan siap pakai. Anda mendapatkan pilihan produk yang praktis untuk kebutuhan harian, gifting, atau persiapan minuman di rumah dan cafe. Homelab Matcha Bowl no.3 dirancang untuk memberikan ruang whisking yang lebih lega dan nyaman, membantu proses pengadukan matcha menjadi lebih stabil dan konsisten. Bentuk mangkuk mendukung pembentukan foam matcha yang halus dan merata, cocok untuk kebutuhan matcha ceremonial maupun matcha latte. Ideal untuk penggunaan Checkout mudah melalui marketplace resmi Homelab.",in stock,new,193900 IDR,https://www.homelab.co.id/shop/hl-matcha-bowl-3d,https://cf.shopee.co.id/file/id-11134207-8224r-mk839sfbdclhce,Homelab
HL-Matcha-Bowl-4A,Matcha Bowl No.4 - Pink,"Matcha Bowl No.4 varian Pink dari Homelab cocok untuk menyiapkan ritual matcha dengan alat yang rapi, nyaman, dan siap pakai. Anda mendapatkan pilihan produk yang praktis untuk kebutuhan harian, gifting, atau persiapan minuman di rumah dan cafe. Homelab Matcha Bowl no.4 dirancang untuk memberikan pengalaman whisking matcha yang nyaman dan stabil. Bentuk mangkuk mendukung proses pengadukan agar lebih konsisten dan membantu menghasilkan foam matcha yang halus dan merata. Cocok untuk kebutuhan matcha ceremonial maupun matcha latte, baik untuk penggunaan harian di Checkout mudah melalui marketplace resmi Homelab.",in stock,new,193900 IDR,https://www.homelab.co.id/shop/hl-matcha-bowl-4a,https://cf.shopee.co.id/file/id-11134207-8224w-mk839sfbls055a,Homelab
HL-Matcha-Bowl-4B,Matcha Bowl No.4 - Hijau,"Matcha Bowl No.4 varian Hijau dari Homelab cocok untuk menyiapkan ritual matcha dengan alat yang rapi, nyaman, dan siap pakai. Anda mendapatkan pilihan produk yang praktis untuk kebutuhan harian, gifting, atau persiapan minuman di rumah dan cafe. Homelab Matcha Bowl no.4 dirancang untuk memberikan pengalaman whisking matcha yang nyaman dan stabil. Bentuk mangkuk mendukung proses pengadukan agar lebih konsisten dan membantu menghasilkan foam matcha yang halus dan merata. Cocok untuk kebutuhan matcha ceremonial maupun matcha latte, baik untuk penggunaan harian di Checkout mudah melalui marketplace resmi Homelab.",in stock,new,193900 IDR,https://www.homelab.co.id/shop/hl-matcha-bowl-4b,https://cf.shopee.co.id/file/id-11134207-8224w-mk839sfbls055a,Homelab
HL-Matcha-Bowl-4C,Matcha Bowl No.4 - Jade,"Matcha Bowl No.4 varian Jade dari Homelab cocok untuk menyiapkan ritual matcha dengan alat yang rapi, nyaman, dan siap pakai. Anda mendapatkan pilihan produk yang praktis untuk kebutuhan harian, gifting, atau persiapan minuman di rumah dan cafe. Homelab Matcha Bowl no.4 dirancang untuk memberikan pengalaman whisking matcha yang nyaman dan stabil. Bentuk mangkuk mendukung proses pengadukan agar lebih konsisten dan membantu menghasilkan foam matcha yang halus dan merata. Cocok untuk kebutuhan matcha ceremonial maupun matcha latte, baik untuk penggunaan harian di Checkout mudah melalui marketplace resmi Homelab.",in stock,new,193900 IDR,https://www.homelab.co.id/shop/hl-matcha-bowl-4c,https://cf.shopee.co.id/file/id-11134207-8224w-mk839sfbls055a,Homelab
HL-Matcha-Bowl-4D,Matcha Bowl No.4 - Broken White,"Matcha Bowl No.4 varian Broken White dari Homelab cocok untuk menyiapkan ritual matcha dengan alat yang rapi, nyaman, dan siap pakai. Anda mendapatkan pilihan produk yang praktis untuk kebutuhan harian, gifting, atau persiapan minuman di rumah dan cafe. Homelab Matcha Bowl no.4 dirancang untuk memberikan pengalaman whisking matcha yang nyaman dan stabil. Bentuk mangkuk mendukung proses pengadukan agar lebih konsisten dan membantu menghasilkan foam matcha yang halus dan merata. Cocok untuk kebutuhan matcha ceremonial maupun matcha latte, baik untuk penggunaan harian di Checkout mudah melalui marketplace resmi Homelab.",in stock,new,193900 IDR,https://www.homelab.co.id/shop/hl-matcha-bowl-4d,https://cf.shopee.co.id/file/id-11134207-8224w-mk839sfbls055a,Homelab
HL-Matcha-Bowl-8A,Matcha Bowl No.8 - Hitam,"Matcha Bowl No.8 varian Hitam dari Homelab cocok untuk menyiapkan ritual matcha dengan alat yang rapi, nyaman, dan siap pakai. Anda mendapatkan pilihan produk yang praktis untuk kebutuhan harian, gifting, atau persiapan minuman di rumah dan cafe. Homelab Matcha Bowl ini dirancang dengan bentuk artisan berlekuk yang nyaman digenggam dan dilengkapi spout kecil untuk menuang lebih rapi. Desain ini membantu proses whisking menjadi lebih stabil serta memudahkan saat menuang hasil seduhan matcha ke cangkir. Tampilan mangkuk terlihat elegan dan estetik, cocok untu Checkout mudah melalui marketplace resmi Homelab.",in stock,new,192990 IDR,https://www.homelab.co.id/shop/hl-matcha-bowl-8a,https://cf.shopee.co.id/file/id-11134207-8224q-mk85p9rt54p3d0,Homelab
HL-Matcha-Bowl-8B,Matcha Bowl No.8 - Hijau,"Matcha Bowl No.8 varian Hijau dari Homelab cocok untuk menyiapkan ritual matcha dengan alat yang rapi, nyaman, dan siap pakai. Anda mendapatkan pilihan produk yang praktis untuk kebutuhan harian, gifting, atau persiapan minuman di rumah dan cafe. Homelab Matcha Bowl ini dirancang dengan bentuk artisan berlekuk yang nyaman digenggam dan dilengkapi spout kecil untuk menuang lebih rapi. Desain ini membantu proses whisking menjadi lebih stabil serta memudahkan saat menuang hasil seduhan matcha ke cangkir. Tampilan mangkuk terlihat elegan dan estetik, cocok untu Checkout mudah melalui marketplace resmi Homelab.",in stock,new,192990 IDR,https://www.homelab.co.id/shop/hl-matcha-bowl-8b,https://cf.shopee.co.id/file/id-11134207-8224q-mk85p9rt54p3d0,Homelab
HL-Matcha-Bowl-8C,Matcha Bowl No.8 - Putih,"Matcha Bowl No.8 varian Putih dari Homelab cocok untuk menyiapkan ritual matcha dengan alat yang rapi, nyaman, dan siap pakai. Anda mendapatkan pilihan produk yang praktis untuk kebutuhan harian, gifting, atau persiapan minuman di rumah dan cafe. Homelab Matcha Bowl ini dirancang dengan bentuk artisan berlekuk yang nyaman digenggam dan dilengkapi spout kecil untuk menuang lebih rapi. Desain ini membantu proses whisking menjadi lebih stabil serta memudahkan saat menuang hasil seduhan matcha ke cangkir. Tampilan mangkuk terlihat elegan dan estetik, cocok untu Checkout mudah melalui marketplace resmi Homelab.",in stock,new,192990 IDR,https://www.homelab.co.id/shop/hl-matcha-bowl-8c,https://cf.shopee.co.id/file/id-11134207-8224q-mk85p9rt54p3d0,Homelab
HL-Matcha-Bowl-8D,Matcha Bowl No.8 - Jade,"Matcha Bowl No.8 varian Jade dari Homelab cocok untuk menyiapkan ritual matcha dengan alat yang rapi, nyaman, dan siap pakai. Anda mendapatkan pilihan produk yang praktis untuk kebutuhan harian, gifting, atau persiapan minuman di rumah dan cafe. Homelab Matcha Bowl ini dirancang dengan bentuk artisan berlekuk yang nyaman digenggam dan dilengkapi spout kecil untuk menuang lebih rapi. Desain ini membantu proses whisking menjadi lebih stabil serta memudahkan saat menuang hasil seduhan matcha ke cangkir. Tampilan mangkuk terlihat elegan dan estetik, cocok untu Checkout mudah melalui marketplace resmi Homelab.",in stock,new,192990 IDR,https://www.homelab.co.id/shop/hl-matcha-bowl-8d,https://cf.shopee.co.id/file/id-11134207-8224q-mk85p9rt54p3d0,Homelab
KontainerSaringanMatcha,Matcha Sifter Container,"Matcha Sifter Container dari Homelab cocok untuk menyiapkan ritual matcha dengan alat yang rapi, nyaman, dan siap pakai. Anda mendapatkan pilihan produk yang praktis untuk kebutuhan harian, gifting, atau persiapan minuman di rumah dan cafe. Homelab Stainless Steel Matcha Container with Easy Matcha Mesh Kontainer + Saringan anti repot untuk Bubuk Matcha 🍵 🌟 Stainless Steel: Kontainer yang terbuat dari bahan stainless steel berkualitas tinggi, tahan lama dan anti karat. 🔍 Mesh Sieve / Shifter: Dengan saringan jala halus, sempurna untuk menyaring dan mem Checkout mudah melalui marketplace resmi Homelab.",in stock,new,276450 IDR,https://www.homelab.co.id/shop/kontainersaringanmatcha,https://p16-oec-sg.ibyteimg.com/tos-alisg-i-aphluv4xwc-sg/169b1cf037364e29a38ba5f167550a72~tplv-aphluv4xwc-origin-jpeg.jpeg?dr=15568&from=520841845&height=1200&idc=my&ps=933b5bde&shcp=2c1af732&shp=1f0b6a75&t=555f072d&width=1200,Homelab
WhiskPlastik,Plastic Matcha Whisk - golden,"Plastic Matcha Whisk varian golden dari Homelab cocok untuk menyiapkan ritual matcha dengan alat yang rapi, nyaman, dan siap pakai. Anda mendapatkan pilihan produk yang praktis untuk kebutuhan harian, gifting, atau persiapan minuman di rumah dan cafe. Homelab Plastic Chasen - Matcha Whisk Plastik Berkualitas Tinggi Elevasikan ritual teh matcha Anda dengan whisk khusus dari bahan plastik food grade yang tahan lama dan berkualitas tinggi. Dibuat dengan presisi untuk menghasilkan micro foam sempurna, alat ini cocok untuk mengocok ceremonial matcha atau bubuk matcha pr Checkout mudah melalui marketplace resmi Homelab.",in stock,new,195000 IDR,https://www.homelab.co.id/shop/whiskplastik,https://cf.shopee.co.id/file/id-11134207-8224y-mi414iy1bxmv36,Homelab
WhiskPlastik-Black,Plastic Matcha Whisk - black,"Plastic Matcha Whisk varian black dari Homelab cocok untuk menyiapkan ritual matcha dengan alat yang rapi, nyaman, dan siap pakai. Anda mendapatkan pilihan produk yang praktis untuk kebutuhan harian, gifting, atau persiapan minuman di rumah dan cafe. Homelab Plastic Chasen - Matcha Whisk Plastik Berkualitas Tinggi Elevasikan ritual teh matcha Anda dengan whisk khusus dari bahan plastik food grade yang tahan lama dan berkualitas tinggi. Dibuat dengan presisi untuk menghasilkan micro foam sempurna, alat ini cocok untuk mengocok ceremonial matcha atau bubuk matcha pr Checkout mudah melalui marketplace resmi Homelab.",out of stock,new,285000 IDR,https://www.homelab.co.id/shop/whiskplastik-black,https://cf.shopee.co.id/file/id-11134207-8224y-mi414iy1bxmv36,Homelab
WhiskPlastik-Yellow,Plastic Matcha Whisk - yellow,"Plastic Matcha Whisk varian yellow dari Homelab cocok untuk menyiapkan ritual matcha dengan alat yang rapi, nyaman, dan siap pakai. Anda mendapatkan pilihan produk yang praktis untuk kebutuhan harian, gifting, atau persiapan minuman di rumah dan cafe. Homelab Plastic Chasen - Matcha Whisk Plastik Berkualitas Tinggi Elevasikan ritual teh matcha Anda dengan whisk khusus dari bahan plastik food grade yang tahan lama dan berkualitas tinggi. Dibuat dengan presisi untuk menghasilkan micro foam sempurna, alat ini cocok untuk mengocok ceremonial matcha atau bubuk matcha pr Checkout mudah melalui marketplace resmi Homelab.",out of stock,new,285000 IDR,https://www.homelab.co.id/shop/whiskplastik-yellow,https://cf.shopee.co.id/file/id-11134207-8224y-mi414iy1bxmv36,Homelab
HL-Matcha-Bowl-6A,Matcha Bowl No.6 - Light Grey,"Matcha Bowl No.6 varian Light Grey dari Homelab cocok untuk menyiapkan ritual matcha dengan alat yang rapi, nyaman, dan siap pakai. Anda mendapatkan pilihan produk yang praktis untuk kebutuhan harian, gifting, atau persiapan minuman di rumah dan cafe. Homelab Matcha Bowl ini dibuat dengan dinding lebih tebal untuk memberikan rasa kokoh dan stabil saat digunakan. Bobot yang solid membantu mangkuk tidak mudah bergeser saat whisking, sehingga matcha tercampur lebih merata dan foam lebih konsisten. Tersedia dengan dua pilihan finishing, gloss dan matte, memberikan pen Checkout mudah melalui marketplace resmi Homelab.",in stock,new,211550 IDR,https://www.homelab.co.id/shop/hl-matcha-bowl-6a,https://cf.shopee.co.id/file/id-11134207-8224q-mk84jynl7a4n70,Homelab
HL-Matcha-Bowl-6B,Matcha Bowl No.6 - Hijau,"Matcha Bowl No.6 varian Hijau dari Homelab cocok untuk menyiapkan ritual matcha dengan alat yang rapi, nyaman, dan siap pakai. Anda mendapatkan pilihan produk yang praktis untuk kebutuhan harian, gifting, atau persiapan minuman di rumah dan cafe. Homelab Matcha Bowl ini dibuat dengan dinding lebih tebal untuk memberikan rasa kokoh dan stabil saat digunakan. Bobot yang solid membantu mangkuk tidak mudah bergeser saat whisking, sehingga matcha tercampur lebih merata dan foam lebih konsisten. Tersedia dengan dua pilihan finishing, gloss dan matte, memberikan pen Checkout mudah melalui marketplace resmi Homelab.",in stock,new,211550 IDR,https://www.homelab.co.id/shop/hl-matcha-bowl-6b,https://cf.shopee.co.id/file/id-11134207-8224q-mk84jynl7a4n70,Homelab
HL-Matcha-Bowl-6C,Matcha Bowl No.6 - Grey Doff,"Matcha Bowl No.6 varian Grey Doff dari Homelab cocok untuk menyiapkan ritual matcha dengan alat yang rapi, nyaman, dan siap pakai. Anda mendapatkan pilihan produk yang praktis untuk kebutuhan harian, gifting, atau persiapan minuman di rumah dan cafe. Homelab Matcha Bowl ini dibuat dengan dinding lebih tebal untuk memberikan rasa kokoh dan stabil saat digunakan. Bobot yang solid membantu mangkuk tidak mudah bergeser saat whisking, sehingga matcha tercampur lebih merata dan foam lebih konsisten. Tersedia dengan dua pilihan finishing, gloss dan matte, memberikan pen Checkout mudah melalui marketplace resmi Homelab.",in stock,new,211550 IDR,https://www.homelab.co.id/shop/hl-matcha-bowl-6c,https://cf.shopee.co.id/file/id-11134207-8224q-mk84jynl7a4n70,Homelab
HL-Matcha-Bowl-6D,Matcha Bowl No.6 - Light Blue,"Matcha Bowl No.6 varian Light Blue dari Homelab cocok untuk menyiapkan ritual matcha dengan alat yang rapi, nyaman, dan siap pakai. Anda mendapatkan pilihan produk yang praktis untuk kebutuhan harian, gifting, atau persiapan minuman di rumah dan cafe. Homelab Matcha Bowl ini dibuat dengan dinding lebih tebal untuk memberikan rasa kokoh dan stabil saat digunakan. Bobot yang solid membantu mangkuk tidak mudah bergeser saat whisking, sehingga matcha tercampur lebih merata dan foam lebih konsisten. Tersedia dengan dua pilihan finishing, gloss dan matte, memberikan pen Checkout mudah melalui marketplace resmi Homelab.",in stock,new,211550 IDR,https://www.homelab.co.id/shop/hl-matcha-bowl-6d,https://cf.shopee.co.id/file/id-11134207-8224q-mk84jynl7a4n70,Homelab
CeramicBowl-WhiteSpout-1730557157776328260,Matcha Bowl + Chasen Holder Ceramic Premium - White Spout,"Matcha Bowl + Chasen Holder Ceramic Premium varian White Spout dari Homelab cocok untuk menyiapkan ritual matcha dengan alat yang rapi, nyaman, dan siap pakai. Anda mendapatkan pilihan produk yang praktis untuk kebutuhan harian, gifting, atau persiapan minuman di rumah dan cafe. Homelab Mangkok Matcha (Chawan) + Chasen Stand 🍵 Mangkok Matcha Premium (Chawan) Bahan Berkualitas: Dibuat dari Ceramic premium dengan finishing marbel yang elegan atau tampilan doff yang mewah. Desain Khusus: Mulut wadah yang lebar khusus dirancang untuk pengadukan matcha, memastikan setiap seduhan Anda selalu halu Checkout mudah melalui marketplace resmi Homelab.",in stock,new,286990 IDR,https://www.homelab.co.id/shop/matcha-bowl-chasen-holder-ceramic-premium-mangkuk-pengaduk-28260-ceramicbowl-whitespout,https://p16-oec-va.ibyteimg.com/tos-maliva-i-o3syd03w52-us/0a56b5c159cb49e1b8486aa44c9265b6~tplv-o3syd03w52-origin-jpeg.jpeg?dr=15568&from=520841845&height=700&idc=my&ps=933b5bde&shcp=2c1af732&shp=1f0b6a75&t=555f072d&width=700,Homelab
CeramicBowl-StoneBlack,Matcha Bowl + Chasen Holder Ceramic Premium - Stone Black,"Matcha Bowl + Chasen Holder Ceramic Premium varian Stone Black dari Homelab cocok untuk menyiapkan ritual matcha dengan alat yang rapi, nyaman, dan siap pakai. Anda mendapatkan pilihan produk yang praktis untuk kebutuhan harian, gifting, atau persiapan minuman di rumah dan cafe. Homelab Mangkok Matcha (Chawan) + Chasen Stand 🍵 Mangkok Matcha Premium (Chawan) Bahan Berkualitas: Dibuat dari Ceramic premium dengan finishing marbel yang elegan atau tampilan doff yang mewah. Desain Khusus: Mulut wadah yang lebar khusus dirancang untuk pengadukan matcha, memastikan setiap seduhan Anda selalu halu Checkout mudah melalui marketplace resmi Homelab.",in stock,new,286990 IDR,https://www.homelab.co.id/shop/ceramicbowl-stoneblack,https://p16-oec-va.ibyteimg.com/tos-maliva-i-o3syd03w52-us/0a56b5c159cb49e1b8486aa44c9265b6~tplv-o3syd03w52-origin-jpeg.jpeg?dr=15568&from=520841845&height=700&idc=my&ps=933b5bde&shcp=2c1af732&shp=1f0b6a75&t=555f072d&width=700,Homelab
CeramicBowl-Marble,Matcha Bowl + Chasen Holder Ceramic Premium - Marble,"Matcha Bowl + Chasen Holder Ceramic Premium varian Marble dari Homelab cocok untuk menyiapkan ritual matcha dengan alat yang rapi, nyaman, dan siap pakai. Anda mendapatkan pilihan produk yang praktis untuk kebutuhan harian, gifting, atau persiapan minuman di rumah dan cafe. Homelab Mangkok Matcha (Chawan) + Chasen Stand 🍵 Mangkok Matcha Premium (Chawan) Bahan Berkualitas: Dibuat dari Ceramic premium dengan finishing marbel yang elegan atau tampilan doff yang mewah. Desain Khusus: Mulut wadah yang lebar khusus dirancang untuk pengadukan matcha, memastikan setiap seduhan Anda selalu halu Checkout mudah melalui marketplace resmi Homelab.",in stock,new,286990 IDR,https://www.homelab.co.id/shop/ceramicbowl-marble,https://p16-oec-va.ibyteimg.com/tos-maliva-i-o3syd03w52-us/0a56b5c159cb49e1b8486aa44c9265b6~tplv-o3syd03w52-origin-jpeg.jpeg?dr=15568&from=520841845&height=700&idc=my&ps=933b5bde&shcp=2c1af732&shp=1f0b6a75&t=555f072d&width=700,Homelab
CeramicBowl-BlackDoff,Matcha Bowl + Chasen Holder Ceramic Premium - Black doff,"Matcha Bowl + Chasen Holder Ceramic Premium varian Black doff dari Homelab cocok untuk menyiapkan ritual matcha dengan alat yang rapi, nyaman, dan siap pakai. Anda mendapatkan pilihan produk yang praktis untuk kebutuhan harian, gifting, atau persiapan minuman di rumah dan cafe. Homelab Mangkok Matcha (Chawan) + Chasen Stand 🍵 Mangkok Matcha Premium (Chawan) Bahan Berkualitas: Dibuat dari Ceramic premium dengan finishing marbel yang elegan atau tampilan doff yang mewah. Desain Khusus: Mulut wadah yang lebar khusus dirancang untuk pengadukan matcha, memastikan setiap seduhan Anda selalu halu Checkout mudah melalui marketplace resmi Homelab.",in stock,new,286990 IDR,https://www.homelab.co.id/shop/ceramicbowl-blackdoff,https://p16-oec-va.ibyteimg.com/tos-maliva-i-o3syd03w52-us/0a56b5c159cb49e1b8486aa44c9265b6~tplv-o3syd03w52-origin-jpeg.jpeg?dr=15568&from=520841845&height=700&idc=my&ps=933b5bde&shcp=2c1af732&shp=1f0b6a75&t=555f072d&width=700,Homelab
CeramicBowl-White,Matcha Bowl + Chasen Holder Ceramic Premium - White,"Matcha Bowl + Chasen Holder Ceramic Premium varian White dari Homelab cocok untuk menyiapkan ritual matcha dengan alat yang rapi, nyaman, dan siap pakai. Anda mendapatkan pilihan produk yang praktis untuk kebutuhan harian, gifting, atau persiapan minuman di rumah dan cafe. Homelab Mangkok Matcha (Chawan) + Chasen Stand 🍵 Mangkok Matcha Premium (Chawan) Bahan Berkualitas: Dibuat dari Ceramic premium dengan finishing marbel yang elegan atau tampilan doff yang mewah. Desain Khusus: Mulut wadah yang lebar khusus dirancang untuk pengadukan matcha, memastikan setiap seduhan Anda selalu halu Checkout mudah melalui marketplace resmi Homelab.",in stock,new,286990 IDR,https://www.homelab.co.id/shop/ceramicbowl-white,https://p16-oec-va.ibyteimg.com/tos-maliva-i-o3syd03w52-us/0a56b5c159cb49e1b8486aa44c9265b6~tplv-o3syd03w52-origin-jpeg.jpeg?dr=15568&from=520841845&height=700&idc=my&ps=933b5bde&shcp=2c1af732&shp=1f0b6a75&t=555f072d&width=700,Homelab
CeramicBowl-Stone,Matcha Bowl + Chasen Holder Ceramic Premium - Stone,"Matcha Bowl + Chasen Holder Ceramic Premium varian Stone dari Homelab cocok untuk menyiapkan ritual matcha dengan alat yang rapi, nyaman, dan siap pakai. Anda mendapatkan pilihan produk yang praktis untuk kebutuhan harian, gifting, atau persiapan minuman di rumah dan cafe. Homelab Mangkok Matcha (Chawan) + Chasen Stand 🍵 Mangkok Matcha Premium (Chawan) Bahan Berkualitas: Dibuat dari Ceramic premium dengan finishing marbel yang elegan atau tampilan doff yang mewah. Desain Khusus: Mulut wadah yang lebar khusus dirancang untuk pengadukan matcha, memastikan setiap seduhan Anda selalu halu Checkout mudah melalui marketplace resmi Homelab.",in stock,new,286990 IDR,https://www.homelab.co.id/shop/ceramicbowl-stone,https://p16-oec-va.ibyteimg.com/tos-maliva-i-o3syd03w52-us/0a56b5c159cb49e1b8486aa44c9265b6~tplv-o3syd03w52-origin-jpeg.jpeg?dr=15568&from=520841845&height=700&idc=my&ps=933b5bde&shcp=2c1af732&shp=1f0b6a75&t=555f072d&width=700,Homelab
CeramicBowl-Pink,Matcha Bowl + Chasen Holder Ceramic Premium - Pink,"Matcha Bowl + Chasen Holder Ceramic Premium varian Pink dari Homelab cocok untuk menyiapkan ritual matcha dengan alat yang rapi, nyaman, dan siap pakai. Anda mendapatkan pilihan produk yang praktis untuk kebutuhan harian, gifting, atau persiapan minuman di rumah dan cafe. Homelab Mangkok Matcha (Chawan) + Chasen Stand 🍵 Mangkok Matcha Premium (Chawan) Bahan Berkualitas: Dibuat dari Ceramic premium dengan finishing marbel yang elegan atau tampilan doff yang mewah. Desain Khusus: Mulut wadah yang lebar khusus dirancang untuk pengadukan matcha, memastikan setiap seduhan Anda selalu halu Checkout mudah melalui marketplace resmi Homelab.",in stock,new,286990 IDR,https://www.homelab.co.id/shop/ceramicbowl-pink,https://p16-oec-va.ibyteimg.com/tos-maliva-i-o3syd03w52-us/0a56b5c159cb49e1b8486aa44c9265b6~tplv-o3syd03w52-origin-jpeg.jpeg?dr=15568&from=520841845&height=700&idc=my&ps=933b5bde&shcp=2c1af732&shp=1f0b6a75&t=555f072d&width=700,Homelab
CeramicBowl-GreenSpout,Matcha Bowl + Chasen Holder Ceramic Premium - Green Spout,"Matcha Bowl + Chasen Holder Ceramic Premium varian Green Spout dari Homelab cocok untuk menyiapkan ritual matcha dengan alat yang rapi, nyaman, dan siap pakai. Anda mendapatkan pilihan produk yang praktis untuk kebutuhan harian, gifting, atau persiapan minuman di rumah dan cafe. Homelab Mangkok Matcha (Chawan) + Chasen Stand 🍵 Mangkok Matcha Premium (Chawan) Bahan Berkualitas: Dibuat dari Ceramic premium dengan finishing marbel yang elegan atau tampilan doff yang mewah. Desain Khusus: Mulut wadah yang lebar khusus dirancang untuk pengadukan matcha, memastikan setiap seduhan Anda selalu halu Checkout mudah melalui marketplace resmi Homelab.",in stock,new,286990 IDR,https://www.homelab.co.id/shop/ceramicbowl-greenspout,https://p16-oec-va.ibyteimg.com/tos-maliva-i-o3syd03w52-us/0a56b5c159cb49e1b8486aa44c9265b6~tplv-o3syd03w52-origin-jpeg.jpeg?dr=15568&from=520841845&height=700&idc=my&ps=933b5bde&shcp=2c1af732&shp=1f0b6a75&t=555f072d&width=700,Homelab
CeramicBowl-Flowers,Matcha Bowl + Chasen Holder Ceramic Premium - Flowers,"Matcha Bowl + Chasen Holder Ceramic Premium varian Flowers dari Homelab cocok untuk menyiapkan ritual matcha dengan alat yang rapi, nyaman, dan siap pakai. Anda mendapatkan pilihan produk yang praktis untuk kebutuhan harian, gifting, atau persiapan minuman di rumah dan cafe. Homelab Mangkok Matcha (Chawan) + Chasen Stand 🍵 Mangkok Matcha Premium (Chawan) Bahan Berkualitas: Dibuat dari Ceramic premium dengan finishing marbel yang elegan atau tampilan doff yang mewah. Desain Khusus: Mulut wadah yang lebar khusus dirancang untuk pengadukan matcha, memastikan setiap seduhan Anda selalu halu Checkout mudah melalui marketplace resmi Homelab.",in stock,new,286990 IDR,https://www.homelab.co.id/shop/ceramicbowl-flowers,https://p16-oec-va.ibyteimg.com/tos-maliva-i-o3syd03w52-us/0a56b5c159cb49e1b8486aa44c9265b6~tplv-o3syd03w52-origin-jpeg.jpeg?dr=15568&from=520841845&height=700&idc=my&ps=933b5bde&shcp=2c1af732&shp=1f0b6a75&t=555f072d&width=700,Homelab
CeramicBowl-RedSpout,Matcha Bowl + Chasen Holder Ceramic Premium - Red Spout,"Matcha Bowl + Chasen Holder Ceramic Premium varian Red Spout dari Homelab cocok untuk menyiapkan ritual matcha dengan alat yang rapi, nyaman, dan siap pakai. Anda mendapatkan pilihan produk yang praktis untuk kebutuhan harian, gifting, atau persiapan minuman di rumah dan cafe. Homelab Mangkok Matcha (Chawan) + Chasen Stand 🍵 Mangkok Matcha Premium (Chawan) Bahan Berkualitas: Dibuat dari Ceramic premium dengan finishing marbel yang elegan atau tampilan doff yang mewah. Desain Khusus: Mulut wadah yang lebar khusus dirancang untuk pengadukan matcha, memastikan setiap seduhan Anda selalu halu Checkout mudah melalui marketplace resmi Homelab.",in stock,new,286990 IDR,https://www.homelab.co.id/shop/ceramicbowl-redspout,https://p16-oec-va.ibyteimg.com/tos-maliva-i-o3syd03w52-us/0a56b5c159cb49e1b8486aa44c9265b6~tplv-o3syd03w52-origin-jpeg.jpeg?dr=15568&from=520841845&height=700&idc=my&ps=933b5bde&shcp=2c1af732&shp=1f0b6a75&t=555f072d&width=700,Homelab
CeramicBowl-SingleFlowers,Matcha Bowl + Chasen Holder Ceramic Premium - Single Flower,"Matcha Bowl + Chasen Holder Ceramic Premium varian Single Flower dari Homelab cocok untuk menyiapkan ritual matcha dengan alat yang rapi, nyaman, dan siap pakai. Anda mendapatkan pilihan produk yang praktis untuk kebutuhan harian, gifting, atau persiapan minuman di rumah dan cafe. Homelab Mangkok Matcha (Chawan) + Chasen Stand 🍵 Mangkok Matcha Premium (Chawan) Bahan Berkualitas: Dibuat dari Ceramic premium dengan finishing marbel yang elegan atau tampilan doff yang mewah. Desain Khusus: Mulut wadah yang lebar khusus dirancang untuk pengadukan matcha, memastikan setiap seduhan Anda selalu halu Checkout mudah melalui marketplace resmi Homelab.",in stock,new,286990 IDR,https://www.homelab.co.id/shop/ceramicbowl-singleflowers,https://p16-oec-va.ibyteimg.com/tos-maliva-i-o3syd03w52-us/0a56b5c159cb49e1b8486aa44c9265b6~tplv-o3syd03w52-origin-jpeg.jpeg?dr=15568&from=520841845&height=700&idc=my&ps=933b5bde&shcp=2c1af732&shp=1f0b6a75&t=555f072d&width=700,Homelab
CeramicBowl-Jade,Matcha Bowl + Chasen Holder Ceramic Premium - Jade,"Matcha Bowl + Chasen Holder Ceramic Premium varian Jade dari Homelab cocok untuk menyiapkan ritual matcha dengan alat yang rapi, nyaman, dan siap pakai. Anda mendapatkan pilihan produk yang praktis untuk kebutuhan harian, gifting, atau persiapan minuman di rumah dan cafe. Homelab Mangkok Matcha (Chawan) + Chasen Stand 🍵 Mangkok Matcha Premium (Chawan) Bahan Berkualitas: Dibuat dari Ceramic premium dengan finishing marbel yang elegan atau tampilan doff yang mewah. Desain Khusus: Mulut wadah yang lebar khusus dirancang untuk pengadukan matcha, memastikan setiap seduhan Anda selalu halu Checkout mudah melalui marketplace resmi Homelab.",in stock,new,286990 IDR,https://www.homelab.co.id/shop/ceramicbowl-jade,https://p16-oec-va.ibyteimg.com/tos-maliva-i-o3syd03w52-us/0a56b5c159cb49e1b8486aa44c9265b6~tplv-o3syd03w52-origin-jpeg.jpeg?dr=15568&from=520841845&height=700&idc=my&ps=933b5bde&shcp=2c1af732&shp=1f0b6a75&t=555f072d&width=700,Homelab
CeramicBowl-BlueMarbleSpout,Matcha Bowl + Chasen Holder Ceramic Premium - B.Marble Spout,"Matcha Bowl + Chasen Holder Ceramic Premium varian B.Marble Spout dari Homelab cocok untuk menyiapkan ritual matcha dengan alat yang rapi, nyaman, dan siap pakai. Anda mendapatkan pilihan produk yang praktis untuk kebutuhan harian, gifting, atau persiapan minuman di rumah dan cafe. Homelab Mangkok Matcha (Chawan) + Chasen Stand 🍵 Mangkok Matcha Premium (Chawan) Bahan Berkualitas: Dibuat dari Ceramic premium dengan finishing marbel yang elegan atau tampilan doff yang mewah. Desain Khusus: Mulut wadah yang lebar khusus dirancang untuk pengadukan matcha, memastikan setiap seduhan Anda selalu halu Checkout mudah melalui marketplace resmi Homelab.",in stock,new,286990 IDR,https://www.homelab.co.id/shop/ceramicbowl-bluemarblespout,https://p16-oec-va.ibyteimg.com/tos-maliva-i-o3syd03w52-us/0a56b5c159cb49e1b8486aa44c9265b6~tplv-o3syd03w52-origin-jpeg.jpeg?dr=15568&from=520841845&height=700&idc=my&ps=933b5bde&shcp=2c1af732&shp=1f0b6a75&t=555f072d&width=700,Homelab
CeramicBowl-YellowSpout,Matcha Bowl + Chasen Holder Ceramic Premium - Yellow Spout,"Matcha Bowl + Chasen Holder Ceramic Premium varian Yellow Spout dari Homelab cocok untuk menyiapkan ritual matcha dengan alat yang rapi, nyaman, dan siap pakai. Anda mendapatkan pilihan produk yang praktis untuk kebutuhan harian, gifting, atau persiapan minuman di rumah dan cafe. Homelab Mangkok Matcha (Chawan) + Chasen Stand 🍵 Mangkok Matcha Premium (Chawan) Bahan Berkualitas: Dibuat dari Ceramic premium dengan finishing marbel yang elegan atau tampilan doff yang mewah. Desain Khusus: Mulut wadah yang lebar khusus dirancang untuk pengadukan matcha, memastikan setiap seduhan Anda selalu halu Checkout mudah melalui marketplace resmi Homelab.",in stock,new,286990 IDR,https://www.homelab.co.id/shop/ceramicbowl-yellowspout,https://p16-oec-va.ibyteimg.com/tos-maliva-i-o3syd03w52-us/0a56b5c159cb49e1b8486aa44c9265b6~tplv-o3syd03w52-origin-jpeg.jpeg?dr=15568&from=520841845&height=700&idc=my&ps=933b5bde&shcp=2c1af732&shp=1f0b6a75&t=555f072d&width=700,Homelab
CeramicBowl-SoftBlueSpout,Matcha Bowl + Chasen Holder Ceramic Premium - Soft Blue Spout,"Matcha Bowl + Chasen Holder Ceramic Premium varian Soft Blue Spout dari Homelab cocok untuk menyiapkan ritual matcha dengan alat yang rapi, nyaman, dan siap pakai. Anda mendapatkan pilihan produk yang praktis untuk kebutuhan harian, gifting, atau persiapan minuman di rumah dan cafe. Homelab Mangkok Matcha (Chawan) + Chasen Stand 🍵 Mangkok Matcha Premium (Chawan) Bahan Berkualitas: Dibuat dari Ceramic premium dengan finishing marbel yang elegan atau tampilan doff yang mewah. Desain Khusus: Mulut wadah yang lebar khusus dirancang untuk pengadukan matcha, memastikan setiap seduhan Anda selalu halu Checkout mudah melalui marketplace resmi Homelab.",in stock,new,286990 IDR,https://www.homelab.co.id/shop/ceramicbowl-softbluespout,https://p16-oec-va.ibyteimg.com/tos-maliva-i-o3syd03w52-us/0a56b5c159cb49e1b8486aa44c9265b6~tplv-o3syd03w52-origin-jpeg.jpeg?dr=15568&from=520841845&height=700&idc=my&ps=933b5bde&shcp=2c1af732&shp=1f0b6a75&t=555f072d&width=700,Homelab
CeramicBowl-BlackSpout,Matcha Bowl + Chasen Holder Ceramic Premium - Black Spout,"Matcha Bowl + Chasen Holder Ceramic Premium varian Black Spout dari Homelab cocok untuk menyiapkan ritual matcha dengan alat yang rapi, nyaman, dan siap pakai. Anda mendapatkan pilihan produk yang praktis untuk kebutuhan harian, gifting, atau persiapan minuman di rumah dan cafe. Homelab Mangkok Matcha (Chawan) + Chasen Stand 🍵 Mangkok Matcha Premium (Chawan) Bahan Berkualitas: Dibuat dari Ceramic premium dengan finishing marbel yang elegan atau tampilan doff yang mewah. Desain Khusus: Mulut wadah yang lebar khusus dirancang untuk pengadukan matcha, memastikan setiap seduhan Anda selalu halu Checkout mudah melalui marketplace resmi Homelab.",in stock,new,286990 IDR,https://www.homelab.co.id/shop/ceramicbowl-blackspout,https://p16-oec-va.ibyteimg.com/tos-maliva-i-o3syd03w52-us/0a56b5c159cb49e1b8486aa44c9265b6~tplv-o3syd03w52-origin-jpeg.jpeg?dr=15568&from=520841845&height=700&idc=my&ps=933b5bde&shcp=2c1af732&shp=1f0b6a75&t=555f072d&width=700,Homelab
CeramicBowl-WhiteSpout-1730557157776328260-2,Matcha Bowl + Chasen Holder Ceramic Premium - White Spout,"Matcha Bowl + Chasen Holder Ceramic Premium varian White Spout dari Homelab cocok untuk menyiapkan ritual matcha dengan alat yang rapi, nyaman, dan siap pakai. Anda mendapatkan pilihan produk yang praktis untuk kebutuhan harian, gifting, atau persiapan minuman di rumah dan cafe. Homelab Mangkok Matcha (Chawan) + Chasen Stand 🍵 Mangkok Matcha Premium (Chawan) Bahan Berkualitas: Dibuat dari Ceramic premium dengan finishing marbel yang elegan atau tampilan doff yang mewah. Desain Khusus: Mulut wadah yang lebar khusus dirancang untuk pengadukan matcha, memastikan setiap seduhan Anda selalu halu Checkout mudah melalui marketplace resmi Homelab.",in stock,new,286990 IDR,https://www.homelab.co.id/shop/matcha-bowl-chasen-holder-ceramic-premium-mangkuk-pengaduk-28260-ceramicbowl-whitespout-2,https://p16-oec-va.ibyteimg.com/tos-maliva-i-o3syd03w52-us/0a56b5c159cb49e1b8486aa44c9265b6~tplv-o3syd03w52-origin-jpeg.jpeg?dr=15568&from=520841845&height=700&idc=my&ps=933b5bde&shcp=2c1af732&shp=1f0b6a75&t=555f072d&width=700,Homelab
Zen-WhiskWhiteSakura,Golden Bamboo Chasen - Zen WhiteSakura,"Golden Bamboo Chasen varian Zen WhiteSakura dari Homelab cocok untuk menyiapkan ritual matcha dengan alat yang rapi, nyaman, dan siap pakai. Anda mendapatkan pilihan produk yang praktis untuk kebutuhan harian, gifting, atau persiapan minuman di rumah dan cafe. Homelab Chasen / Matcha Whisk Golden Bamboo with Charm - Pengaduk Teh Matcha Green Tea Homelab matcha whisk yang dibuat dengan tangan dari bahan golden bambu alami. Karena terbuat dari bahan alami, setiap whisk memiliki keunikan tersendiri yang mungkin berbeda dari gambar yang ditampilkan. Perbedaan ini adalah hal yan Checkout mudah melalui marketplace resmi Homelab.",out of stock,new,675000 IDR,https://www.homelab.co.id/shop/zen-whiskwhitesakura,https://cf.shopee.co.id/file/id-11134207-7r990-m0coeaakyz3409,Homelab
Zen-WhiskBlueFlower,Golden Bamboo Chasen - Blue Flower,"Golden Bamboo Chasen varian Blue Flower dari Homelab cocok untuk menyiapkan ritual matcha dengan alat yang rapi, nyaman, dan siap pakai. Anda mendapatkan pilihan produk yang praktis untuk kebutuhan harian, gifting, atau persiapan minuman di rumah dan cafe. Homelab Chasen / Matcha Whisk Golden Bamboo with Charm - Pengaduk Teh Matcha Green Tea Homelab matcha whisk yang dibuat dengan tangan dari bahan golden bambu alami. Karena terbuat dari bahan alami, setiap whisk memiliki keunikan tersendiri yang mungkin berbeda dari gambar yang ditampilkan. Perbedaan ini adalah hal yan Checkout mudah melalui marketplace resmi Homelab.",in stock,new,350000 IDR,https://www.homelab.co.id/shop/zen-whiskblueflower,https://cf.shopee.co.id/file/id-11134207-7r990-m0coeaakyz3409,Homelab
Zen-WhiskJadeLeaf,Golden Bamboo Chasen - Jade Leaf,"Golden Bamboo Chasen varian Jade Leaf dari Homelab cocok untuk menyiapkan ritual matcha dengan alat yang rapi, nyaman, dan siap pakai. Anda mendapatkan pilihan produk yang praktis untuk kebutuhan harian, gifting, atau persiapan minuman di rumah dan cafe. Homelab Chasen / Matcha Whisk Golden Bamboo with Charm - Pengaduk Teh Matcha Green Tea Homelab matcha whisk yang dibuat dengan tangan dari bahan golden bambu alami. Karena terbuat dari bahan alami, setiap whisk memiliki keunikan tersendiri yang mungkin berbeda dari gambar yang ditampilkan. Perbedaan ini adalah hal yan Checkout mudah melalui marketplace resmi Homelab.",in stock,new,350000 IDR,https://www.homelab.co.id/shop/zen-whiskjadeleaf,https://cf.shopee.co.id/file/id-11134207-7r990-m0coeaakyz3409,Homelab
Zen-WhiskPinkFlower,Golden Bamboo Chasen - Pink Flower,"Golden Bamboo Chasen varian Pink Flower dari Homelab cocok untuk menyiapkan ritual matcha dengan alat yang rapi, nyaman, dan siap pakai. Anda mendapatkan pilihan produk yang praktis untuk kebutuhan harian, gifting, atau persiapan minuman di rumah dan cafe. Homelab Chasen / Matcha Whisk Golden Bamboo with Charm - Pengaduk Teh Matcha Green Tea Homelab matcha whisk yang dibuat dengan tangan dari bahan golden bambu alami. Karena terbuat dari bahan alami, setiap whisk memiliki keunikan tersendiri yang mungkin berbeda dari gambar yang ditampilkan. Perbedaan ini adalah hal yan Checkout mudah melalui marketplace resmi Homelab.",in stock,new,350000 IDR,https://www.homelab.co.id/shop/zen-whiskpinkflower,https://cf.shopee.co.id/file/id-11134207-7r990-m0coeaakyz3409,Homelab
Zen-WhiskJadeStar,Golden Bamboo Chasen - Jade Star,"Golden Bamboo Chasen varian Jade Star dari Homelab cocok untuk menyiapkan ritual matcha dengan alat yang rapi, nyaman, dan siap pakai. Anda mendapatkan pilihan produk yang praktis untuk kebutuhan harian, gifting, atau persiapan minuman di rumah dan cafe. Homelab Chasen / Matcha Whisk Golden Bamboo with Charm - Pengaduk Teh Matcha Green Tea Homelab matcha whisk yang dibuat dengan tangan dari bahan golden bambu alami. Karena terbuat dari bahan alami, setiap whisk memiliki keunikan tersendiri yang mungkin berbeda dari gambar yang ditampilkan. Perbedaan ini adalah hal yan Checkout mudah melalui marketplace resmi Homelab.",out of stock,new,350000 IDR,https://www.homelab.co.id/shop/zen-whiskjadestar,https://cf.shopee.co.id/file/id-11134207-7r990-m0coeaakyz3409,Homelab
Zen-WhiskGreenFlower,Golden Bamboo Chasen - Green Flower,"Golden Bamboo Chasen varian Green Flower dari Homelab cocok untuk menyiapkan ritual matcha dengan alat yang rapi, nyaman, dan siap pakai. Anda mendapatkan pilihan produk yang praktis untuk kebutuhan harian, gifting, atau persiapan minuman di rumah dan cafe. Homelab Chasen / Matcha Whisk Golden Bamboo with Charm - Pengaduk Teh Matcha Green Tea Homelab matcha whisk yang dibuat dengan tangan dari bahan golden bambu alami. Karena terbuat dari bahan alami, setiap whisk memiliki keunikan tersendiri yang mungkin berbeda dari gambar yang ditampilkan. Perbedaan ini adalah hal yan Checkout mudah melalui marketplace resmi Homelab.",out of stock,new,350000 IDR,https://www.homelab.co.id/shop/zen-whiskgreenflower,https://cf.shopee.co.id/file/id-11134207-7r990-m0coeaakyz3409,Homelab
Matcha-Bowl-Handle,Matcha Bowl Spout,"Matcha Bowl Spout dari Homelab cocok untuk menyiapkan ritual matcha dengan alat yang rapi, nyaman, dan siap pakai. Anda mendapatkan pilihan produk yang praktis untuk kebutuhan harian, gifting, atau persiapan minuman di rumah dan cafe. Mangkok Matcha Premium (Chawan) Bahan Berkualitas: Dibuat dari Ceramic premium dengan finishing yang elegan atau tampilan doff yang mewah. Desain Khusus: Mulut wadah yang lebar khusus dirancang untuk pengadukan matcha, memastikan setiap seduhan Anda selalu halus dan sempurna. Ceremonial atau Biasa: Cocok digunakan u Checkout mudah melalui marketplace resmi Homelab.",out of stock,new,350000 IDR,https://www.homelab.co.id/shop/matcha-bowl-handle,https://cf.shopee.co.id/file/id-11134207-7rbk4-m71rkorz34oc98,Homelab
HL-Matcha-Bowl-52A,Matcha Bowl No.52,"Matcha Bowl No.52 varian A dari Homelab cocok untuk menyiapkan ritual matcha dengan alat yang rapi, nyaman, dan siap pakai. Anda mendapatkan pilihan produk yang praktis untuk kebutuhan harian, gifting, atau persiapan minuman di rumah dan cafe. Homelab Matcha Bowl No.52 + Chasen Holder | Mangkuk Matcha Ceremonial Homelab Matcha Bowl ini dirancang untuk kebutuhan ritual matcha ceremonial dengan desain seimbang dan nyaman digunakan setiap hari. Bentuk mangkuk yang ergonomis membantu proses whisking lebih stabil serta menghasilkan foam matcha yang halus dan me Checkout mudah melalui marketplace resmi Homelab.",in stock,new,275990 IDR,https://www.homelab.co.id/shop/hl-matcha-bowl-52a,https://cf.shopee.co.id/file/id-11134207-82251-ml1y04ucz3eqdc,Homelab
HL-Matcha-Bowl-52B,Matcha Bowl No.52,"Matcha Bowl No.52 varian B dari Homelab cocok untuk menyiapkan ritual matcha dengan alat yang rapi, nyaman, dan siap pakai. Anda mendapatkan pilihan produk yang praktis untuk kebutuhan harian, gifting, atau persiapan minuman di rumah dan cafe. Homelab Matcha Bowl No.52 + Chasen Holder | Mangkuk Matcha Ceremonial Homelab Matcha Bowl ini dirancang untuk kebutuhan ritual matcha ceremonial dengan desain seimbang dan nyaman digunakan setiap hari. Bentuk mangkuk yang ergonomis membantu proses whisking lebih stabil serta menghasilkan foam matcha yang halus dan me Checkout mudah melalui marketplace resmi Homelab.",in stock,new,275990 IDR,https://www.homelab.co.id/shop/hl-matcha-bowl-52b,https://cf.shopee.co.id/file/id-11134207-82251-ml1y04ucz3eqdc,Homelab
HL-Matcha-Bowl-52C,Matcha Bowl No.52,"Matcha Bowl No.52 varian C dari Homelab cocok untuk menyiapkan ritual matcha dengan alat yang rapi, nyaman, dan siap pakai. Anda mendapatkan pilihan produk yang praktis untuk kebutuhan harian, gifting, atau persiapan minuman di rumah dan cafe. Homelab Matcha Bowl No.52 + Chasen Holder | Mangkuk Matcha Ceremonial Homelab Matcha Bowl ini dirancang untuk kebutuhan ritual matcha ceremonial dengan desain seimbang dan nyaman digunakan setiap hari. Bentuk mangkuk yang ergonomis membantu proses whisking lebih stabil serta menghasilkan foam matcha yang halus dan me Checkout mudah melalui marketplace resmi Homelab.",in stock,new,275990 IDR,https://www.homelab.co.id/shop/hl-matcha-bowl-52c,https://cf.shopee.co.id/file/id-11134207-82251-ml1y04ucz3eqdc,Homelab
HL-Matcha-Bowl-52D,Matcha Bowl No.52 - D,"Matcha Bowl No.52 varian D dari Homelab cocok untuk menyiapkan ritual matcha dengan alat yang rapi, nyaman, dan siap pakai. Anda mendapatkan pilihan produk yang praktis untuk kebutuhan harian, gifting, atau persiapan minuman di rumah dan cafe. Homelab Matcha Bowl No.52 + Chasen Holder | Mangkuk Matcha Ceremonial Homelab Matcha Bowl ini dirancang untuk kebutuhan ritual matcha ceremonial dengan desain seimbang dan nyaman digunakan setiap hari. Bentuk mangkuk yang ergonomis membantu proses whisking lebih stabil serta menghasilkan foam matcha yang halus dan me Checkout mudah melalui marketplace resmi Homelab.",in stock,new,275990 IDR,https://www.homelab.co.id/shop/hl-matcha-bowl-52d,https://cf.shopee.co.id/file/id-11134207-82251-ml1y04ucz3eqdc,Homelab
HL-Matcha-Bowl-1A,Matcha Bowl No.1 - Hijau,"Matcha Bowl No.1 varian Hijau dari Homelab cocok untuk menyiapkan ritual matcha dengan alat yang rapi, nyaman, dan siap pakai. Anda mendapatkan pilihan produk yang praktis untuk kebutuhan harian, gifting, atau persiapan minuman di rumah dan cafe. Homelab Matcha Bowl no.1 dirancang khusus untuk kebutuhan ritual matcha ceremonial. Bentuk mangkuk yang proporsional membantu proses whisking lebih stabil dan menghasilkan foam matcha yang halus dan merata. Dilengkapi dengan chasen holder untuk menjaga bentuk whisk tetap ideal setelah digunakan. Cocok untuk penggunaan Checkout mudah melalui marketplace resmi Homelab.",in stock,new,241990 IDR,https://www.homelab.co.id/shop/hl-matcha-bowl-1a,https://cf.shopee.co.id/file/id-11134207-8224v-mk7zuifo2cjrb6,Homelab
HL-Matcha-Bowl-1B,Matcha Bowl No.1 - Putih,"Matcha Bowl No.1 varian Putih dari Homelab cocok untuk menyiapkan ritual matcha dengan alat yang rapi, nyaman, dan siap pakai. Anda mendapatkan pilihan produk yang praktis untuk kebutuhan harian, gifting, atau persiapan minuman di rumah dan cafe. Homelab Matcha Bowl no.1 dirancang khusus untuk kebutuhan ritual matcha ceremonial. Bentuk mangkuk yang proporsional membantu proses whisking lebih stabil dan menghasilkan foam matcha yang halus dan merata. Dilengkapi dengan chasen holder untuk menjaga bentuk whisk tetap ideal setelah digunakan. Cocok untuk penggunaan Checkout mudah melalui marketplace resmi Homelab.",in stock,new,241990 IDR,https://www.homelab.co.id/shop/hl-matcha-bowl-1b,https://cf.shopee.co.id/file/id-11134207-8224v-mk7zuifo2cjrb6,Homelab
HL-Matcha-Bowl-1C,Matcha Bowl No.1 - Ungu,"Matcha Bowl No.1 varian Ungu dari Homelab cocok untuk menyiapkan ritual matcha dengan alat yang rapi, nyaman, dan siap pakai. Anda mendapatkan pilihan produk yang praktis untuk kebutuhan harian, gifting, atau persiapan minuman di rumah dan cafe. Homelab Matcha Bowl no.1 dirancang khusus untuk kebutuhan ritual matcha ceremonial. Bentuk mangkuk yang proporsional membantu proses whisking lebih stabil dan menghasilkan foam matcha yang halus dan merata. Dilengkapi dengan chasen holder untuk menjaga bentuk whisk tetap ideal setelah digunakan. Cocok untuk penggunaan Checkout mudah melalui marketplace resmi Homelab.",in stock,new,241990 IDR,https://www.homelab.co.id/shop/hl-matcha-bowl-1c,https://cf.shopee.co.id/file/id-11134207-8224v-mk7zuifo2cjrb6,Homelab
HL-Matcha-Bowl-1D,Matcha Bowl No.1 - Biru,"Matcha Bowl No.1 varian Biru dari Homelab cocok untuk menyiapkan ritual matcha dengan alat yang rapi, nyaman, dan siap pakai. Anda mendapatkan pilihan produk yang praktis untuk kebutuhan harian, gifting, atau persiapan minuman di rumah dan cafe. Homelab Matcha Bowl no.1 dirancang khusus untuk kebutuhan ritual matcha ceremonial. Bentuk mangkuk yang proporsional membantu proses whisking lebih stabil dan menghasilkan foam matcha yang halus dan merata. Dilengkapi dengan chasen holder untuk menjaga bentuk whisk tetap ideal setelah digunakan. Cocok untuk penggunaan Checkout mudah melalui marketplace resmi Homelab.",in stock,new,241990 IDR,https://www.homelab.co.id/shop/hl-matcha-bowl-1d,https://cf.shopee.co.id/file/id-11134207-8224v-mk7zuifo2cjrb6,Homelab
BowlMatcha,Matcha Bowl - High Quality Textured Glass... - Clear,"Matcha Bowl - High Quality Textured Glass... varian Clear dari Homelab cocok untuk menyiapkan ritual matcha dengan alat yang rapi, nyaman, dan siap pakai. Anda mendapatkan pilihan produk yang praktis untuk kebutuhan harian, gifting, atau persiapan minuman di rumah dan cafe. Mangkuk Matcha - Chawan - Textured Matcha Bowl with Pouring Spout Mangkok matcha biasa digunakan untuk menyeduh matcha dengan cara tradisional di Jepang. Berbahan kaca bertekstur dan tebal, dengan diameter yang ideal untuk mengaduk matcha sehingga dengan mudah menghasilkan micro foam yang memberikan kesan milky pada Checkout mudah melalui marketplace resmi Homelab.",in stock,new,186900 IDR,https://www.homelab.co.id/shop/bowlmatcha,https://cf.shopee.co.id/file/0106d766321129376f7468162ed13494,Homelab
BowlMatcha-Clear-Black,Matcha Bowl - High Quality Textured Glass... - Clear Black,"Matcha Bowl - High Quality Textured Glass... varian Clear Black dari Homelab cocok untuk menyiapkan ritual matcha dengan alat yang rapi, nyaman, dan siap pakai. Anda mendapatkan pilihan produk yang praktis untuk kebutuhan harian, gifting, atau persiapan minuman di rumah dan cafe. Mangkuk Matcha - Chawan - Textured Matcha Bowl with Pouring Spout Mangkok matcha biasa digunakan untuk menyeduh matcha dengan cara tradisional di Jepang. Berbahan kaca bertekstur dan tebal, dengan diameter yang ideal untuk mengaduk matcha sehingga dengan mudah menghasilkan micro foam yang memberikan kesan milky pada Checkout mudah melalui marketplace resmi Homelab.",in stock,new,195900 IDR,https://www.homelab.co.id/shop/bowlmatcha-clear-black,https://cf.shopee.co.id/file/0106d766321129376f7468162ed13494,Homelab
HL-Matcha-Bowl-50A,Matcha Bowl No.50 - Pink,"Matcha Bowl No.50 varian Pink dari Homelab cocok untuk menyiapkan ritual matcha dengan alat yang rapi, nyaman, dan siap pakai. Anda mendapatkan pilihan produk yang praktis untuk kebutuhan harian, gifting, atau persiapan minuman di rumah dan cafe. Homelab Matcha Bowl No.50 + Chasen Holder | Mangkuk Matcha Ceremonial Homelab Matcha Bowl Kaca ini dirancang untuk kebutuhan ritual matcha ceremonial dengan sentuhan modern. Bentuk mangkuk yang proporsional serta cerat tuang presisi membantu proses whisking lebih stabil dan memudahkan pouring tanpa tumpah. Tekstur ka Checkout mudah melalui marketplace resmi Homelab.",in stock,new,299990 IDR,https://www.homelab.co.id/shop/hl-matcha-bowl-50a,https://cf.shopee.co.id/file/id-11134207-8224x-ml1ux2mhxj45c9,Homelab
HL-Matcha-Bowl-50B,Matcha Bowl No.50 - Lavender,"Matcha Bowl No.50 varian Lavender dari Homelab cocok untuk menyiapkan ritual matcha dengan alat yang rapi, nyaman, dan siap pakai. Anda mendapatkan pilihan produk yang praktis untuk kebutuhan harian, gifting, atau persiapan minuman di rumah dan cafe. Homelab Matcha Bowl No.50 + Chasen Holder | Mangkuk Matcha Ceremonial Homelab Matcha Bowl Kaca ini dirancang untuk kebutuhan ritual matcha ceremonial dengan sentuhan modern. Bentuk mangkuk yang proporsional serta cerat tuang presisi membantu proses whisking lebih stabil dan memudahkan pouring tanpa tumpah. Tekstur ka Checkout mudah melalui marketplace resmi Homelab.",in stock,new,299990 IDR,https://www.homelab.co.id/shop/hl-matcha-bowl-50b,https://cf.shopee.co.id/file/id-11134207-8224x-ml1ux2mhxj45c9,Homelab
HL-Matcha-Bowl-51A,Matcha Bowl No.51,"Matcha Bowl No.51 varian A dari Homelab cocok untuk menyiapkan ritual matcha dengan alat yang rapi, nyaman, dan siap pakai. Anda mendapatkan pilihan produk yang praktis untuk kebutuhan harian, gifting, atau persiapan minuman di rumah dan cafe. Homelab Matcha Bowl No.51 + Chasen Holder | Mangkuk Matcha Ceremonial Homelab Matcha Bowl ini dirancang untuk kebutuhan ritual matcha ceremonial dengan struktur lebih kokoh dan stabil. Bentuk mangkuk yang seimbang membantu proses whisking lebih nyaman serta menghasilkan foam matcha yang halus dan merata. Dilengkapi c Checkout mudah melalui marketplace resmi Homelab.",in stock,new,299990 IDR,https://www.homelab.co.id/shop/hl-matcha-bowl-51a,https://cf.shopee.co.id/file/id-11134207-8224x-ml1vsr86d81v0f,Homelab
HL-Matcha-Bowl-51B,Matcha Bowl No.51,"Matcha Bowl No.51 varian B dari Homelab cocok untuk menyiapkan ritual matcha dengan alat yang rapi, nyaman, dan siap pakai. Anda mendapatkan pilihan produk yang praktis untuk kebutuhan harian, gifting, atau persiapan minuman di rumah dan cafe. Homelab Matcha Bowl No.51 + Chasen Holder | Mangkuk Matcha Ceremonial Homelab Matcha Bowl ini dirancang untuk kebutuhan ritual matcha ceremonial dengan struktur lebih kokoh dan stabil. Bentuk mangkuk yang seimbang membantu proses whisking lebih nyaman serta menghasilkan foam matcha yang halus dan merata. Dilengkapi c Checkout mudah melalui marketplace resmi Homelab.",in stock,new,299990 IDR,https://www.homelab.co.id/shop/hl-matcha-bowl-51b,https://cf.shopee.co.id/file/id-11134207-8224x-ml1vsr86d81v0f,Homelab
HL-Matcha-Bowl-51C,Matcha Bowl No.51,"Matcha Bowl No.51 varian C dari Homelab cocok untuk menyiapkan ritual matcha dengan alat yang rapi, nyaman, dan siap pakai. Anda mendapatkan pilihan produk yang praktis untuk kebutuhan harian, gifting, atau persiapan minuman di rumah dan cafe. Homelab Matcha Bowl No.51 + Chasen Holder | Mangkuk Matcha Ceremonial Homelab Matcha Bowl ini dirancang untuk kebutuhan ritual matcha ceremonial dengan struktur lebih kokoh dan stabil. Bentuk mangkuk yang seimbang membantu proses whisking lebih nyaman serta menghasilkan foam matcha yang halus dan merata. Dilengkapi c Checkout mudah melalui marketplace resmi Homelab.",in stock,new,299990 IDR,https://www.homelab.co.id/shop/hl-matcha-bowl-51c,https://cf.shopee.co.id/file/id-11134207-8224x-ml1vsr86d81v0f,Homelab
SuikaenChashaku-23,Suikaen Chashaku Scoop,"Suikaen Chashaku Scoop dari Homelab cocok untuk menyiapkan ritual matcha dengan alat yang rapi, nyaman, dan siap pakai. Anda mendapatkan pilihan produk yang praktis untuk kebutuhan harian, gifting, atau persiapan minuman di rumah dan cafe. Artisan Matcha Suikaen Chashaku with Vallecula - Suikaen Takayama Chasen Japan Diproduksi oleh keluarga Tanimura, pembuat Chasen sejak era Muromachi, whisk ini adalah perpaduan sempurna antara seni, tradisi, dan kualitas. Keunggulan Matcha Chashaku Suikaen 1. Dibuat oleh pengrajin bersertifikat tradisional, memastikan Checkout mudah melalui marketplace resmi Homelab.",out of stock,new,776000 IDR,https://www.homelab.co.id/shop/suikaenchashaku-23,https://p16-oec-sg.ibyteimg.com/tos-alisg-i-aphluv4xwc-sg/img/VqbcmM/2025/1/31/89b7818e-0269-480b-a332-b6a31b79790b.jpg~tplv-aphluv4xwc-origin-jpeg.jpeg?dr=15568&from=520841845&height=4032&idc=my&ps=933b5bde&shcp=2c1af732&shp=1f0b6a75&t=555f072d&width=3024,Homelab
Takumi-Whisk-Black-39,Takumi Chasen - Purple Bamboo,"Takumi Chasen varian Purple Bamboo dari Homelab cocok untuk menyiapkan ritual matcha dengan alat yang rapi, nyaman, dan siap pakai. Anda mendapatkan pilihan produk yang praktis untuk kebutuhan harian, gifting, atau persiapan minuman di rumah dan cafe. Homelab Takumi Chasen | Bamboo Matcha Whisk Handmade Ceremonial Grade (Bukan Suikaen) Deskripsi Produk Homelab Takumi Chasen merupakan bamboo matcha whisk handmade yang dirancang khusus untuk menghasilkan foam matcha dengan micro bubble yang halus dan stabil. Ujung bambu yang sangat tipis dan presisi membantu pro Checkout mudah melalui marketplace resmi Homelab.",in stock,new,635000 IDR,https://www.homelab.co.id/shop/takumi-whisk-black-39,https://cf.shopee.co.id/file/id-11134207-822wu-mlrisv6jegw260,Homelab
Takumi-Whisk-Golden-40,Takumi Chasen - Golden Bamboo,"Takumi Chasen varian Golden Bamboo dari Homelab cocok untuk menyiapkan ritual matcha dengan alat yang rapi, nyaman, dan siap pakai. Anda mendapatkan pilihan produk yang praktis untuk kebutuhan harian, gifting, atau persiapan minuman di rumah dan cafe. Homelab Takumi Chasen | Bamboo Matcha Whisk Handmade Ceremonial Grade (Bukan Suikaen) Deskripsi Produk Homelab Takumi Chasen merupakan bamboo matcha whisk handmade yang dirancang khusus untuk menghasilkan foam matcha dengan micro bubble yang halus dan stabil. Ujung bambu yang sangat tipis dan presisi membantu pro Checkout mudah melalui marketplace resmi Homelab.",in stock,new,550000 IDR,https://www.homelab.co.id/shop/takumi-whisk-golden-40,https://cf.shopee.co.id/file/id-11134207-822wu-mlrisv6jegw260,Homelab
MatchaWhiskJepang80prongs,Japanese Chasen Whisk - 80 prongs,"Japanese Chasen Whisk varian 80 prongs dari Homelab cocok untuk menyiapkan ritual matcha dengan alat yang rapi, nyaman, dan siap pakai. Anda mendapatkan pilihan produk yang praktis untuk kebutuhan harian, gifting, atau persiapan minuman di rumah dan cafe. Kuasai seni pembuatan teh matcha dengan Chasen Asli Jepang dari Homelab, yang dibuat dengan bambu pilihan berumur lebih dari tiga tahun. Setelah dipanen, bambu ini dibiarkan mengalami dua siklus empat musim untuk memastikan kualitas terbaik. Dengan pilihan prongs yang bervariasi 80, 100, dan 120—sesuai dengan ukura Checkout mudah melalui marketplace resmi Homelab.",out of stock,new,764500 IDR,https://www.homelab.co.id/shop/matchawhiskjepang80prongs,https://cf.shopee.co.id/file/id-11134207-7r991-lzkawkzxop9kad,Homelab
MatchaWhiskJepang100prongs,Japanese Chasen Whisk - 100 prongs,"Japanese Chasen Whisk varian 100 prongs dari Homelab cocok untuk menyiapkan ritual matcha dengan alat yang rapi, nyaman, dan siap pakai. Anda mendapatkan pilihan produk yang praktis untuk kebutuhan harian, gifting, atau persiapan minuman di rumah dan cafe. Kuasai seni pembuatan teh matcha dengan Chasen Asli Jepang dari Homelab, yang dibuat dengan bambu pilihan berumur lebih dari tiga tahun. Setelah dipanen, bambu ini dibiarkan mengalami dua siklus empat musim untuk memastikan kualitas terbaik. Dengan pilihan prongs yang bervariasi 80, 100, dan 120—sesuai dengan ukura Checkout mudah melalui marketplace resmi Homelab.",out of stock,new,852500 IDR,https://www.homelab.co.id/shop/matchawhiskjepang100prongs,https://cf.shopee.co.id/file/id-11134207-7r991-lzkawkzxop9kad,Homelab
MatchaWhiskJepang120prongs,Japanese Chasen Whisk - 120 prongs,"Japanese Chasen Whisk varian 120 prongs dari Homelab cocok untuk menyiapkan ritual matcha dengan alat yang rapi, nyaman, dan siap pakai. Anda mendapatkan pilihan produk yang praktis untuk kebutuhan harian, gifting, atau persiapan minuman di rumah dan cafe. Kuasai seni pembuatan teh matcha dengan Chasen Asli Jepang dari Homelab, yang dibuat dengan bambu pilihan berumur lebih dari tiga tahun. Setelah dipanen, bambu ini dibiarkan mengalami dua siklus empat musim untuk memastikan kualitas terbaik. Dengan pilihan prongs yang bervariasi 80, 100, dan 120—sesuai dengan ukura Checkout mudah melalui marketplace resmi Homelab.",out of stock,new,896500 IDR,https://www.homelab.co.id/shop/matchawhiskjepang120prongs,https://cf.shopee.co.id/file/id-11134207-7r991-lzkawkzxop9kad,Homelab
MatchaWhiskJepang120prongsBlack,Japanese Chasen Whisk - 120 prongsblack,"Japanese Chasen Whisk varian 120 prongsblack dari Homelab cocok untuk menyiapkan ritual matcha dengan alat yang rapi, nyaman, dan siap pakai. Anda mendapatkan pilihan produk yang praktis untuk kebutuhan harian, gifting, atau persiapan minuman di rumah dan cafe. Kuasai seni pembuatan teh matcha dengan Chasen Asli Jepang dari Homelab, yang dibuat dengan bambu pilihan berumur lebih dari tiga tahun. Setelah dipanen, bambu ini dibiarkan mengalami dua siklus empat musim untuk memastikan kualitas terbaik. Dengan pilihan prongs yang bervariasi 80, 100, dan 120—sesuai dengan ukura Checkout mudah melalui marketplace resmi Homelab.",out of stock,new,896500 IDR,https://www.homelab.co.id/shop/matchawhiskjepang120prongsblack,https://cf.shopee.co.id/file/id-11134207-7r991-lzkawkzxop9kad,Homelab
Electric-MatchaWhisk-14,Electric Matcha Whisk 4th Gen,"Electric Matcha Whisk 4th Gen dari Homelab cocok untuk menyiapkan ritual matcha dengan alat yang rapi, nyaman, dan siap pakai. Anda mendapatkan pilihan produk yang praktis untuk kebutuhan harian, gifting, atau persiapan minuman di rumah dan cafe. Homelab Electric Matcha Whisk 4th Gen | Rechargeable Elektrik Pengaduk Matcha Homelab Electric Matcha Whisk 4th Gen dirancang untuk menghasilkan matcha dengan foam lebih halus, cepat, dan konsisten. Menggunakan motor generasi terbaru yang lebih stabil dan bertenaga, membantu proses whisking lebih efisien tanpa mengur Checkout mudah melalui marketplace resmi Homelab.",in stock,new,725990 IDR,https://www.homelab.co.id/shop/electric-matchawhisk-14,https://cf.shopee.co.id/file/id-11134207-8224p-ml4ro2wla42041,Homelab
Giftbox-MatchaSet-43,Takumi Matcha Ceremony Set - Hijau,"Takumi Matcha Ceremony Set varian Hijau dari Homelab cocok untuk menyiapkan ritual matcha dengan alat yang rapi, nyaman, dan siap pakai. Anda mendapatkan pilihan produk yang praktis untuk kebutuhan harian, gifting, atau persiapan minuman di rumah dan cafe. Homelab Takumi Matcha Ceremony Set | Premium Complete Gift Box (Matcha Bowl, Whisk & Holder, Scoop & Holder, Shiter, Towel / Cloth, Box) Deskripsi Produk Homelab Takumi Matcha Ceremony Set merupakan complete ceremonial matcha set yang dirancang untuk menghadirkan pengalaman menyeduh matcha secara autentik dan elega Checkout mudah melalui marketplace resmi Homelab.",in stock,new,1250000 IDR,https://www.homelab.co.id/shop/giftbox-matchaset-43,https://cf.shopee.co.id/file/id-11134207-822wh-mlrh5skl5mv845,Homelab
Giftbox-MatchaSet-44,Takumi Matcha Ceremony Set - Pink,"Takumi Matcha Ceremony Set varian Pink dari Homelab cocok untuk menyiapkan ritual matcha dengan alat yang rapi, nyaman, dan siap pakai. Anda mendapatkan pilihan produk yang praktis untuk kebutuhan harian, gifting, atau persiapan minuman di rumah dan cafe. Homelab Takumi Matcha Ceremony Set | Premium Complete Gift Box (Matcha Bowl, Whisk & Holder, Scoop & Holder, Shiter, Towel / Cloth, Box) Deskripsi Produk Homelab Takumi Matcha Ceremony Set merupakan complete ceremonial matcha set yang dirancang untuk menghadirkan pengalaman menyeduh matcha secara autentik dan elega Checkout mudah melalui marketplace resmi Homelab.",in stock,new,1250000 IDR,https://www.homelab.co.id/shop/giftbox-matchaset-44,https://cf.shopee.co.id/file/id-11134207-822wh-mlrh5skl5mv845,Homelab
Giftbox-MatchaSet-45,Takumi Matcha Ceremony Set - Putih,"Takumi Matcha Ceremony Set varian Putih dari Homelab cocok untuk menyiapkan ritual matcha dengan alat yang rapi, nyaman, dan siap pakai. Anda mendapatkan pilihan produk yang praktis untuk kebutuhan harian, gifting, atau persiapan minuman di rumah dan cafe. Homelab Takumi Matcha Ceremony Set | Premium Complete Gift Box (Matcha Bowl, Whisk & Holder, Scoop & Holder, Shiter, Towel / Cloth, Box) Deskripsi Produk Homelab Takumi Matcha Ceremony Set merupakan complete ceremonial matcha set yang dirancang untuk menghadirkan pengalaman menyeduh matcha secara autentik dan elega Checkout mudah melalui marketplace resmi Homelab.",in stock,new,1250000 IDR,https://www.homelab.co.id/shop/giftbox-matchaset-45,https://cf.shopee.co.id/file/id-11134207-822wh-mlrh5skl5mv845,Homelab
Giftbox-MatchaSet-46,Takumi Matcha Ceremony Set - Cream,"Takumi Matcha Ceremony Set varian Cream dari Homelab cocok untuk menyiapkan ritual matcha dengan alat yang rapi, nyaman, dan siap pakai. Anda mendapatkan pilihan produk yang praktis untuk kebutuhan harian, gifting, atau persiapan minuman di rumah dan cafe. Homelab Takumi Matcha Ceremony Set | Premium Complete Gift Box (Matcha Bowl, Whisk & Holder, Scoop & Holder, Shiter, Towel / Cloth, Box) Deskripsi Produk Homelab Takumi Matcha Ceremony Set merupakan complete ceremonial matcha set yang dirancang untuk menghadirkan pengalaman menyeduh matcha secara autentik dan elega Checkout mudah melalui marketplace resmi Homelab.",in stock,new,1250000 IDR,https://www.homelab.co.id/shop/giftbox-matchaset-46,https://cf.shopee.co.id/file/id-11134207-822wh-mlrh5skl5mv845,Homelab
ElectricChasenSet,Electric Matcha Whisk,"Electric Matcha Whisk dari Homelab cocok untuk menyiapkan ritual matcha dengan alat yang rapi, nyaman, dan siap pakai. Anda mendapatkan pilihan produk yang praktis untuk kebutuhan harian, gifting, atau persiapan minuman di rumah dan cafe. Homelab Electric Matcha Whisk / Chasen Pengaduk Matcha Otomatis Nikmati pengalaman membuat matcha yang lembut dan sempurna dengan Homelab Electric Matcha Whisk. Dirancang khusus untuk pecinta matcha, alat ini memberikan kemudahan dalam mengocok matcha dengan cepat, menciptakan micro bubbles yang memberikan tekstur hal Checkout mudah melalui marketplace resmi Homelab.",in stock,new,1450000 IDR,https://www.homelab.co.id/shop/electricchasenset,https://cf.shopee.co.id/file/id-11134207-7rasd-m1e1wi6nrhlz3e,Homelab
Electric-MatchaWhiskFrother-13,Electric Matcha Whisk Pro Set,"Electric Matcha Whisk Pro Set dari Homelab cocok untuk menyiapkan ritual matcha dengan alat yang rapi, nyaman, dan siap pakai. Anda mendapatkan pilihan produk yang praktis untuk kebutuhan harian, gifting, atau persiapan minuman di rumah dan cafe. Homelab Electric Matcha Whisk Pro Set | Rechargeable 2-in-1 Frother Homelab Electric Matcha Whisk Pro Set dirancang untuk menghasilkan matcha dengan foam lebih halus dan konsisten dalam waktu singkat. Menggabungkan kepala whisk bambu untuk ritual matcha dan kepala frother stainless untuk kebutuhan minuman lainnya dal Checkout mudah melalui marketplace resmi Homelab.",in stock,new,839990 IDR,https://www.homelab.co.id/shop/electric-matchawhiskfrother-13,https://cf.shopee.co.id/file/id-11134207-8224t-ml4q1d62cgek4a,Homelab
shopee-28274807128,Artisan Matcha Whisk Suikaen Takayama Chase...,"Artisan Matcha Whisk Suikaen Takayama Chase... dari Homelab cocok untuk menyiapkan ritual matcha dengan alat yang rapi, nyaman, dan siap pakai. Anda mendapatkan pilihan produk yang praktis untuk kebutuhan harian, gifting, atau persiapan minuman di rumah dan cafe. Produk ditemukan dari file media Shopee. Harga dan varian belum tersedia di file ini. Checkout mudah melalui marketplace resmi Homelab.",out of stock,new,2425000 IDR,https://www.homelab.co.id/shop/shopee-28274807128,https://cf.shopee.co.id/file/id-11134207-82251-mk3hjamu3sawc3,Homelab
shopee-28224807040,Artisan Matcha Whisk Suikaen Takayama Chase...,"Artisan Matcha Whisk Suikaen Takayama Chase... dari Homelab cocok untuk menyiapkan ritual matcha dengan alat yang rapi, nyaman, dan siap pakai. Anda mendapatkan pilihan produk yang praktis untuk kebutuhan harian, gifting, atau persiapan minuman di rumah dan cafe. Produk ditemukan dari file media Shopee. Harga dan varian belum tersedia di file ini. Checkout mudah melalui marketplace resmi Homelab.",out of stock,new,2473500 IDR,https://www.homelab.co.id/shop/shopee-28224807040,https://cf.shopee.co.id/file/id-11134207-8224s-mk3hjamu56vcbc,Homelab
shopee-26274807892,Artisan Matcha Whisk Suikaen Takayama Chase...,"Artisan Matcha Whisk Suikaen Takayama Chase... dari Homelab cocok untuk menyiapkan ritual matcha dengan alat yang rapi, nyaman, dan siap pakai. Anda mendapatkan pilihan produk yang praktis untuk kebutuhan harian, gifting, atau persiapan minuman di rumah dan cafe. Produk ditemukan dari file media Shopee. Harga dan varian belum tersedia di file ini. Checkout mudah melalui marketplace resmi Homelab.",out of stock,new,2425000 IDR,https://www.homelab.co.id/shop/shopee-26274807892,https://cf.shopee.co.id/file/id-11134207-8224t-mk3hjamu6lfs4d,Homelab
shopee-43508988116,Washi Tea Canister - Matcha Tin Jepang / Te...,"Washi Tea Canister - Matcha Tin Jepang / Te... dari Homelab cocok untuk menyiapkan ritual matcha dengan alat yang rapi, nyaman, dan siap pakai. Anda mendapatkan pilihan produk yang praktis untuk kebutuhan harian, gifting, atau persiapan minuman di rumah dan cafe. Produk ditemukan dari file media Shopee. Harga dan varian belum tersedia di file ini. Checkout mudah melalui marketplace resmi Homelab.",out of stock,new,245000 IDR,https://www.homelab.co.id/shop/shopee-43508988116,https://cf.shopee.co.id/file/id-11134207-7ra0j-mcbxh4mi8llsd5,Homelab
BDRamadhan-6pouchKCL,Parsel Ramadan / Hampers Lebaran - 6 Bungku...,"Parsel Ramadan / Hampers Lebaran - 6 Bungku... dari Homelab cocok untuk hadiah, hampers, dan paket siap kirim yang terlihat thoughtful. Anda mendapatkan pilihan produk yang praktis untuk kebutuhan harian, gifting, atau persiapan minuman di rumah dan cafe. Untuk request tulisan, bisa ketik di ""tulis catatan"" pada saat beli. (max 160 characters) NB: Jangan via chat :) Termasuk: - Paper Craft Gift Box - Sleeve Lebaran - Kartu Lebaran - Bubuk Minuman 6 bungkus Checkout mudah melalui marketplace resmi Homelab.",in stock,new,127000 IDR,https://www.homelab.co.id/shop/bdramadhan-6pouchkcl,https://cf.shopee.co.id/file/id-11134207-7rbk2-m7c43fyk70r996,Homelab
BDXmas-PMatchaDChoco-tagpohon,Parsel Hampers Bingkisan Natal / Christmas... - Matcha & Choco,"Parsel Hampers Bingkisan Natal / Christmas... varian Matcha & Choco dari Homelab cocok untuk hadiah, hampers, dan paket siap kirim yang terlihat thoughtful. Anda mendapatkan pilihan produk yang praktis untuk kebutuhan harian, gifting, atau persiapan minuman di rumah dan cafe. Parsel Hampers Bingkisan Natal Christmas - 100% Chocolate & Pure Taro UNTUK PENULISAN UCAPAN WAJIB TULIS DI KOLOM CATATAN PAS PEMBELIAN, TIDAK BISA VIA CHAT YA! JIKA VIA CHAT TDK AKAN DI TULIS. MAKASIH Termasuk: - Paper Craft Gift Box - Pita Natal - Kartu Natal - Dark Chocolate 100g & Pure Taro 100g - atau paket Checkout mudah melalui marketplace resmi Homelab.",out of stock,new,255000 IDR,https://www.homelab.co.id/shop/bdxmas-pmatchadchoco-tagpohon,https://p16-oec-va.ibyteimg.com/tos-maliva-i-o3syd03w52-us/fe8cc309582b43fb93e2160c0479d28d~tplv-o3syd03w52-origin-jpeg.jpeg?dr=15568&from=520841845&height=700&idc=my&ps=933b5bde&shcp=2c1af732&shp=1f0b6a75&t=555f072d&width=700,Homelab
BDXmas-PTaroDChoco-tagpermen,Parsel Hampers Bingkisan Natal / Christmas... - Choco & Taro,"Parsel Hampers Bingkisan Natal / Christmas... varian Choco & Taro dari Homelab cocok untuk hadiah, hampers, dan paket siap kirim yang terlihat thoughtful. Anda mendapatkan pilihan produk yang praktis untuk kebutuhan harian, gifting, atau persiapan minuman di rumah dan cafe. Parsel Hampers Bingkisan Natal Christmas - 100% Chocolate & Pure Taro UNTUK PENULISAN UCAPAN WAJIB TULIS DI KOLOM CATATAN PAS PEMBELIAN, TIDAK BISA VIA CHAT YA! JIKA VIA CHAT TDK AKAN DI TULIS. MAKASIH Termasuk: - Paper Craft Gift Box - Pita Natal - Kartu Natal - Dark Chocolate 100g & Pure Taro 100g - atau paket Checkout mudah melalui marketplace resmi Homelab.",out of stock,new,149990 IDR,https://www.homelab.co.id/shop/bdxmas-ptarodchoco-tagpermen,https://p16-oec-va.ibyteimg.com/tos-maliva-i-o3syd03w52-us/fe8cc309582b43fb93e2160c0479d28d~tplv-o3syd03w52-origin-jpeg.jpeg?dr=15568&from=520841845&height=700&idc=my&ps=933b5bde&shcp=2c1af732&shp=1f0b6a75&t=555f072d&width=700,Homelab
BdRamadhan-50gr-PMatchaDChoco,Parsel Ramadan / Hampers Lebaran - 2 Toples...,"Parsel Ramadan / Hampers Lebaran - 2 Toples... dari Homelab cocok untuk hadiah, hampers, dan paket siap kirim yang terlihat thoughtful. Anda mendapatkan pilihan produk yang praktis untuk kebutuhan harian, gifting, atau persiapan minuman di rumah dan cafe. Pure Matcha (50g) + 100% Dark Chocolate (50g) NB : semua tanpa gula dan bubuk murni! Untuk request tulisan, bisa ketik di ""tulis catatan"" pada saat beli. (max 160 characters) NB: Jangan via chat :) Termasuk: - Paper Craft Gift Box - Sleeve Lebaran - Kartu Lebaran - Bubuk Minuman 2 toples (total 100g) Checkout mudah melalui marketplace resmi Homelab.",in stock,new,159000 IDR,https://www.homelab.co.id/shop/bdramadhan-50gr-pmatchadchoco,https://cf.shopee.co.id/file/id-11134207-7rbk0-m7oj8puvdns28c,Homelab
BDRamadhan-PTaroDChoco,Parsel Ramadan / Hampers Lebaran - Choco + Taro,"Parsel Ramadan / Hampers Lebaran varian Choco + Taro dari Homelab cocok untuk hadiah, hampers, dan paket siap kirim yang terlihat thoughtful. Anda mendapatkan pilihan produk yang praktis untuk kebutuhan harian, gifting, atau persiapan minuman di rumah dan cafe. PENTING HARAP DI BACA Untuk request ucapan, bisa ketik di TULIS CATATAN pada saat beli. (max 160 characters) NB: UCAPAN JANGAN VIA CHAT, ntar tidak terbaca ketika di print :) Paket 1: Bundle 100% Dark Chocolate (100g) + Pure Taro (100g) Paket 2: Bundle Pure Matcha (100g) + 100% Dark Chocolate (100g) Paket 3: Bundle Pur Checkout mudah melalui marketplace resmi Homelab.",in stock,new,185000 IDR,https://www.homelab.co.id/shop/bdramadhan-ptarodchoco,https://p16-oec-sg.ibyteimg.com/tos-alisg-i-aphluv4xwc-sg/img/VqbcmM/2025/3/14/125c6213-9c86-4637-8adf-d6d7f9805e90.jpg~tplv-aphluv4xwc-origin-jpeg.jpeg?dr=15568&from=520841845&height=4032&idc=my&ps=933b5bde&shcp=2c1af732&shp=1f0b6a75&t=555f072d&width=3024,Homelab
BDRamadhan-PMatchaDChoco,Parsel Ramadan / Hampers Lebaran - Matcha + Choco,"Parsel Ramadan / Hampers Lebaran varian Matcha + Choco dari Homelab cocok untuk hadiah, hampers, dan paket siap kirim yang terlihat thoughtful. Anda mendapatkan pilihan produk yang praktis untuk kebutuhan harian, gifting, atau persiapan minuman di rumah dan cafe. PENTING HARAP DI BACA Untuk request ucapan, bisa ketik di TULIS CATATAN pada saat beli. (max 160 characters) NB: UCAPAN JANGAN VIA CHAT, ntar tidak terbaca ketika di print :) Paket 1: Bundle 100% Dark Chocolate (100g) + Pure Taro (100g) Paket 2: Bundle Pure Matcha (100g) + 100% Dark Chocolate (100g) Paket 3: Bundle Pur Checkout mudah melalui marketplace resmi Homelab.",in stock,new,240000 IDR,https://www.homelab.co.id/shop/bdramadhan-pmatchadchoco,https://p16-oec-sg.ibyteimg.com/tos-alisg-i-aphluv4xwc-sg/img/VqbcmM/2025/3/14/125c6213-9c86-4637-8adf-d6d7f9805e90.jpg~tplv-aphluv4xwc-origin-jpeg.jpeg?dr=15568&from=520841845&height=4032&idc=my&ps=933b5bde&shcp=2c1af732&shp=1f0b6a75&t=555f072d&width=3024,Homelab
BDRamadhan-PMatchaPHojicha,Parsel Ramadan / Hampers Lebaran - Matcha + Hojich,"Parsel Ramadan / Hampers Lebaran varian Matcha + Hojich dari Homelab cocok untuk hadiah, hampers, dan paket siap kirim yang terlihat thoughtful. Anda mendapatkan pilihan produk yang praktis untuk kebutuhan harian, gifting, atau persiapan minuman di rumah dan cafe. PENTING HARAP DI BACA Untuk request ucapan, bisa ketik di TULIS CATATAN pada saat beli. (max 160 characters) NB: UCAPAN JANGAN VIA CHAT, ntar tidak terbaca ketika di print :) Paket 1: Bundle 100% Dark Chocolate (100g) + Pure Taro (100g) Paket 2: Bundle Pure Matcha (100g) + 100% Dark Chocolate (100g) Paket 3: Bundle Pur Checkout mudah melalui marketplace resmi Homelab.",in stock,new,295000 IDR,https://www.homelab.co.id/shop/bdramadhan-pmatchaphojicha,https://p16-oec-sg.ibyteimg.com/tos-alisg-i-aphluv4xwc-sg/img/VqbcmM/2025/3/14/125c6213-9c86-4637-8adf-d6d7f9805e90.jpg~tplv-aphluv4xwc-origin-jpeg.jpeg?dr=15568&from=520841845&height=4032&idc=my&ps=933b5bde&shcp=2c1af732&shp=1f0b6a75&t=555f072d&width=3024,Homelab
BDRamadhan-PMatchaPTaro,Parsel Ramadan / Hampers Lebaran - Matcha + Taro,"Parsel Ramadan / Hampers Lebaran varian Matcha + Taro dari Homelab cocok untuk hadiah, hampers, dan paket siap kirim yang terlihat thoughtful. Anda mendapatkan pilihan produk yang praktis untuk kebutuhan harian, gifting, atau persiapan minuman di rumah dan cafe. PENTING HARAP DI BACA Untuk request ucapan, bisa ketik di TULIS CATATAN pada saat beli. (max 160 characters) NB: UCAPAN JANGAN VIA CHAT, ntar tidak terbaca ketika di print :) Paket 1: Bundle 100% Dark Chocolate (100g) + Pure Taro (100g) Paket 2: Bundle Pure Matcha (100g) + 100% Dark Chocolate (100g) Paket 3: Bundle Pur Checkout mudah melalui marketplace resmi Homelab.",in stock,new,245000 IDR,https://www.homelab.co.id/shop/bdramadhan-pmatchaptaro,https://p16-oec-sg.ibyteimg.com/tos-alisg-i-aphluv4xwc-sg/img/VqbcmM/2025/3/14/125c6213-9c86-4637-8adf-d6d7f9805e90.jpg~tplv-aphluv4xwc-origin-jpeg.jpeg?dr=15568&from=520841845&height=4032&idc=my&ps=933b5bde&shcp=2c1af732&shp=1f0b6a75&t=555f072d&width=3024,Homelab
BDXmas200gr-ChocoMatchaRedV-1731183895072441924,Parsel Hampers Bingkisan Natal / Christmas...,"Parsel Hampers Bingkisan Natal / Christmas... dari Homelab cocok untuk hadiah, hampers, dan paket siap kirim yang terlihat thoughtful. Anda mendapatkan pilihan produk yang praktis untuk kebutuhan harian, gifting, atau persiapan minuman di rumah dan cafe. Parsel Hampers Bingkisan Natal / Christmas - 3 Bungkus Bubuk Minuman UNTUK PENULISAN UCAPAN WAJIB TULIS DI KOLOM CATATAN PAS PEMBELIAN, TIDAK BISA VIA CHAT YA! JIKA VIA CHAT TDK AKAN DI TULIS. MAKASIH Termasuk: - Paper Craft Gift Box - Pita Natal - Kartu Natal - Powder 3 bungkus ( Matcha, Chocolate & Red velvet) Untuk Checkout mudah melalui marketplace resmi Homelab.",out of stock,new,315000 IDR,https://www.homelab.co.id/shop/parsel-hampers-bingkisan-natal-christmas-3-bungkus-bubu-41924-bdxmas200gr-chocomatcharedv,https://p16-oec-sg.ibyteimg.com/tos-alisg-i-aphluv4xwc-sg/img/VqbcmM/2022/12/12/3aa87583-5488-462d-beba-f262195354fb.jpg~tplv-aphluv4xwc-origin-jpeg.jpeg?dr=15568&from=520841845&height=4032&idc=my&ps=933b5bde&shcp=2c1af732&shp=1f0b6a75&t=555f072d&width=3024,Homelab
BDXmas200gr-ChocoMatchaRedV-1730557157243848260,Parsel Hampers Bingkisan Natal / Christmas...,"Parsel Hampers Bingkisan Natal / Christmas... dari Homelab cocok untuk hadiah, hampers, dan paket siap kirim yang terlihat thoughtful. Anda mendapatkan pilihan produk yang praktis untuk kebutuhan harian, gifting, atau persiapan minuman di rumah dan cafe. Parsel Hampers Bingkisan Natal / Christmas - 3 Bungkus Bubuk Minuman UNTUK PENULISAN UCAPAN WAJIB TULIS DI KOLOM CATATAN PAS PEMBELIAN, TIDAK BISA VIA CHAT YA! JIKA VIA CHAT TDK AKAN DI TULIS. MAKASIH Termasuk: - Paper Craft Gift Box - Pita Natal - Kartu Natal - Powder 3 bungkus ( Matcha, Chocolate & Red velvet) Checkout mudah melalui marketplace resmi Homelab.",out of stock,new,315000 IDR,https://www.homelab.co.id/shop/parsel-hampers-bingkisan-natal-christmas-3-bungkus-bubu-48260-bdxmas200gr-chocomatcharedv,https://p16-oec-va.ibyteimg.com/tos-maliva-i-o3syd03w52-us/d6379beeacb84381922809cddde49313~tplv-o3syd03w52-origin-jpeg.jpeg?dr=15568&from=520841845&height=933&idc=my&ps=933b5bde&shcp=2c1af732&shp=1f0b6a75&t=555f072d&width=933,Homelab
BD4-Toples-Giftset-Lemari,Parsel Ramadan / Hampers Lebaran - 4 Toples...,"Parsel Ramadan / Hampers Lebaran - 4 Toples... dari Homelab cocok untuk hadiah, hampers, dan paket siap kirim yang terlihat thoughtful. Anda mendapatkan pilihan produk yang praktis untuk kebutuhan harian, gifting, atau persiapan minuman di rumah dan cafe. Homelab Hamper 4 toples bubu minuman - Pure Matcha (100g) - Dark Chocolate (100g) - Pure Taro (100g) - Palm Sugar (150g) Untuk request tulisan, bisa ketik di ""tulis catatan"" pada saat beli. (max 160 characters) NB: Jangan via chat :) Termasuk: - Gift Box Lemari Premium - Kartu Lebaran - Bubuk Minuma Checkout mudah melalui marketplace resmi Homelab.",in stock,new,759000 IDR,https://www.homelab.co.id/shop/bd4-toples-giftset-lemari,https://cf.shopee.co.id/file/id-11134207-822wp-mln7k66jxiq766,Homelab
HampersRamadhan-Giftset-Bulan,Parsel Ramadan / Hampers Lebaran Matcha Cer...,"Parsel Ramadan / Hampers Lebaran Matcha Cer... dari Homelab cocok untuk hadiah, hampers, dan paket siap kirim yang terlihat thoughtful. Anda mendapatkan pilihan produk yang praktis untuk kebutuhan harian, gifting, atau persiapan minuman di rumah dan cafe. HOMELAB Matcha Hampers – Premium Matcha Starter Kit Rayakan momen spesial dengan sentuhan elegan melalui HOMELAB Matcha Hampers. Satu set lengkap untuk menikmati pengalaman minum matcha yang autentik dan estetik. Cocok sebagai: • Hampers Lebaran / Eid • Gift untuk keluarga & rekan bisnis • Hadiah untuk matc Checkout mudah melalui marketplace resmi Homelab.",in stock,new,990000 IDR,https://www.homelab.co.id/shop/hampersramadhan-giftset-bulan,https://cf.shopee.co.id/file/id-11134207-822wh-mld5zk8w5b7m82,Homelab
shopee-12657965907,Hampers / Gift Parcel Christmas Natal box i...,"Hampers / Gift Parcel Christmas Natal box i... dari Homelab cocok untuk hadiah, hampers, dan paket siap kirim yang terlihat thoughtful. Anda mendapatkan pilihan produk yang praktis untuk kebutuhan harian, gifting, atau persiapan minuman di rumah dan cafe. Produk ditemukan dari file media Shopee. Harga dan varian belum tersedia di file ini. Checkout mudah melalui marketplace resmi Homelab.",out of stock,new,,https://www.homelab.co.id/shop/shopee-12657965907,https://cf.shopee.co.id/file/id-11134207-8224p-mhu5u9f4f8cm64,Homelab
shopee-8247633431,Hampers / Gift Parcel Christmas Natal Pure...,"Hampers / Gift Parcel Christmas Natal Pure... dari Homelab cocok untuk hadiah, hampers, dan paket siap kirim yang terlihat thoughtful. Anda mendapatkan pilihan produk yang praktis untuk kebutuhan harian, gifting, atau persiapan minuman di rumah dan cafe. Produk ditemukan dari file media Shopee. Harga dan varian belum tersedia di file ini. Checkout mudah melalui marketplace resmi Homelab.",out of stock,new,,https://www.homelab.co.id/shop/shopee-8247633431,https://cf.shopee.co.id/file/id-11134207-8224v-mhu5u9f5y0hsaa,Homelab
shopee-24761177249,Hampers / Gift Parcel CNY Imlek Sarang buru...,"Hampers / Gift Parcel CNY Imlek Sarang buru... dari Homelab cocok untuk hadiah, hampers, dan paket siap kirim yang terlihat thoughtful. Anda mendapatkan pilihan produk yang praktis untuk kebutuhan harian, gifting, atau persiapan minuman di rumah dan cafe. Produk ditemukan dari file media Shopee. Harga dan varian belum tersedia di file ini. Checkout mudah melalui marketplace resmi Homelab.",out of stock,new,,https://www.homelab.co.id/shop/shopee-24761177249,https://cf.shopee.co.id/file/id-11134207-7r991-lr084kt1hmtpdf,Homelab
shopee-25711176584,Hampers / Gift Parcel CNY Imlek Sarang buru...,"Hampers / Gift Parcel CNY Imlek Sarang buru... dari Homelab cocok untuk hadiah, hampers, dan paket siap kirim yang terlihat thoughtful. Anda mendapatkan pilihan produk yang praktis untuk kebutuhan harian, gifting, atau persiapan minuman di rumah dan cafe. Produk ditemukan dari file media Shopee. Harga dan varian belum tersedia di file ini. Checkout mudah melalui marketplace resmi Homelab.",out of stock,new,,https://www.homelab.co.id/shop/shopee-25711176584,https://cf.shopee.co.id/file/id-11134207-7r98q-lr084kt1etot28,Homelab
shopee-25461172289,Hampers / Gift Parcel CNY Imlek Sarang buru...,"Hampers / Gift Parcel CNY Imlek Sarang buru... dari Homelab cocok untuk hadiah, hampers, dan paket siap kirim yang terlihat thoughtful. Anda mendapatkan pilihan produk yang praktis untuk kebutuhan harian, gifting, atau persiapan minuman di rumah dan cafe. Produk ditemukan dari file media Shopee. Harga dan varian belum tersedia di file ini. Checkout mudah melalui marketplace resmi Homelab.",out of stock,new,,https://www.homelab.co.id/shop/shopee-25461172289,https://cf.shopee.co.id/file/id-11134207-7r98w-lr084kt1alzh22,Homelab
shopee-13176380960,Kado / Hadiah VALENTINE - Chocolate & Taro...,"Kado / Hadiah VALENTINE - Chocolate & Taro... dari Homelab cocok untuk hadiah, hampers, dan paket siap kirim yang terlihat thoughtful. Anda mendapatkan pilihan produk yang praktis untuk kebutuhan harian, gifting, atau persiapan minuman di rumah dan cafe. Produk ditemukan dari file media Shopee. Harga dan varian belum tersedia di file ini. Checkout mudah melalui marketplace resmi Homelab.",out of stock,new,,https://www.homelab.co.id/shop/shopee-13176380960,https://cf.shopee.co.id/file/bb7a81286670781505e277d8c0c49349,Homelab
shopee-28718064047,Parsel Hampers Bingkisan Natal / Christmas...,"Parsel Hampers Bingkisan Natal / Christmas... dari Homelab cocok untuk hadiah, hampers, dan paket siap kirim yang terlihat thoughtful. Anda mendapatkan pilihan produk yang praktis untuk kebutuhan harian, gifting, atau persiapan minuman di rumah dan cafe. Produk ditemukan dari file media Shopee. Harga dan varian belum tersedia di file ini. Checkout mudah melalui marketplace resmi Homelab.",out of stock,new,,https://www.homelab.co.id/shop/shopee-28718064047,https://cf.shopee.co.id/file/id-11134207-7rasa-m2s0g9vl0jbp8f,Homelab
shopee-17133030202,Parsel Ramadan / Hampers Lebaran - 3 Bungku...,"Parsel Ramadan / Hampers Lebaran - 3 Bungku... dari Homelab cocok untuk hadiah, hampers, dan paket siap kirim yang terlihat thoughtful. Anda mendapatkan pilihan produk yang praktis untuk kebutuhan harian, gifting, atau persiapan minuman di rumah dan cafe. Produk ditemukan dari file media Shopee. Harga dan varian belum tersedia di file ini. Checkout mudah melalui marketplace resmi Homelab.",out of stock,new,,https://www.homelab.co.id/shop/shopee-17133030202,https://cf.shopee.co.id/file/4a7c0e7bdc6c10c05825d348d0f6338e,Homelab
shopee-16756526845,Parsel Ramadan / Hampers Lebaran - Paket Ka...,"Parsel Ramadan / Hampers Lebaran - Paket Ka... dari Homelab cocok untuk hadiah, hampers, dan paket siap kirim yang terlihat thoughtful. Anda mendapatkan pilihan produk yang praktis untuk kebutuhan harian, gifting, atau persiapan minuman di rumah dan cafe. Produk ditemukan dari file media Shopee. Harga dan varian belum tersedia di file ini. Checkout mudah melalui marketplace resmi Homelab.",out of stock,new,,https://www.homelab.co.id/shop/shopee-16756526845,https://cf.shopee.co.id/file/95d6b3d239107595b8b72d1badc63268,Homelab
shopee-16156528062,Parsel Ramadan / Hampers Lebaran - Paket Mu...,"Parsel Ramadan / Hampers Lebaran - Paket Mu... dari Homelab cocok untuk hadiah, hampers, dan paket siap kirim yang terlihat thoughtful. Anda mendapatkan pilihan produk yang praktis untuk kebutuhan harian, gifting, atau persiapan minuman di rumah dan cafe. Produk ditemukan dari file media Shopee. Harga dan varian belum tersedia di file ini. Checkout mudah melalui marketplace resmi Homelab.",out of stock,new,,https://www.homelab.co.id/shop/shopee-16156528062,https://cf.shopee.co.id/file/b653fb2d26f987ca6017f901fded597f,Homelab
shopee-9747629665,Parsel Ramadan / Hampers Lebaran 5 Bungkus...,"Parsel Ramadan / Hampers Lebaran 5 Bungkus... dari Homelab cocok untuk hadiah, hampers, dan paket siap kirim yang terlihat thoughtful. Anda mendapatkan pilihan produk yang praktis untuk kebutuhan harian, gifting, atau persiapan minuman di rumah dan cafe. Produk ditemukan dari file media Shopee. Harga dan varian belum tersedia di file ini. Checkout mudah melalui marketplace resmi Homelab.",out of stock,new,,https://www.homelab.co.id/shop/shopee-9747629665,https://cf.shopee.co.id/file/ac7b78d298c21a1a641b5fcf50bf8038,Homelab
M1-Thankyou-1730557019275888196,Greeting Card - Matcha Stay Hom,"Greeting Card varian Matcha Stay Hom dari Homelab cocok untuk memberi pilihan fleksibel untuk penerima hadiah Homelab. Anda mendapatkan pilihan produk yang praktis untuk kebutuhan harian, gifting, atau persiapan minuman di rumah dan cafe. Homelab Greeting Card / Kartu Ucapan Bisa request tulisan tangan di belakang. Mohon tulis di bagian keterangan / komentar pas checkout. Kartu Ucapan harus beli dengan produk Homelab lainnya. Ukuran A6 (105 x 148 mm). Bahan Fancy Felt (kertas tebal, textur kasar) Design gambar dari painting artist Indonesia. Prin Checkout mudah melalui marketplace resmi Homelab.",in stock,new,10000 IDR,https://www.homelab.co.id/shop/greeting-card-kartu-ucapan-88196-m1-thankyou,https://cf.shopee.co.id/file/51466b61e070a81540bc39a2e2e7a63b,Homelab
M2-StaySafe-1730557019275888196,Greeting Card - Matcha Thank Y,"Greeting Card varian Matcha Thank Y dari Homelab cocok untuk memberi pilihan fleksibel untuk penerima hadiah Homelab. Anda mendapatkan pilihan produk yang praktis untuk kebutuhan harian, gifting, atau persiapan minuman di rumah dan cafe. Homelab Greeting Card / Kartu Ucapan Bisa request tulisan tangan di belakang. Mohon tulis di bagian keterangan / komentar pas checkout. Kartu Ucapan harus beli dengan produk Homelab lainnya. Ukuran A6 (105 x 148 mm). Bahan Fancy Felt (kertas tebal, textur kasar) Design gambar dari painting artist Indonesia. Prin Checkout mudah melalui marketplace resmi Homelab.",out of stock,new,10000 IDR,https://www.homelab.co.id/shop/greeting-card-kartu-ucapan-88196-m2-staysafe,https://cf.shopee.co.id/file/51466b61e070a81540bc39a2e2e7a63b,Homelab
Balon-HBirthday-1730557019275888196,Greeting Card - Birthday,"Greeting Card varian Birthday dari Homelab cocok untuk memberi pilihan fleksibel untuk penerima hadiah Homelab. Anda mendapatkan pilihan produk yang praktis untuk kebutuhan harian, gifting, atau persiapan minuman di rumah dan cafe. Homelab Greeting Card / Kartu Ucapan Bisa request tulisan tangan di belakang. Mohon tulis di bagian keterangan / komentar pas checkout. Kartu Ucapan harus beli dengan produk Homelab lainnya. Ukuran A6 (105 x 148 mm). Bahan Fancy Felt (kertas tebal, textur kasar) Design gambar dari painting artist Indonesia. Prin Checkout mudah melalui marketplace resmi Homelab.",in stock,new,9800 IDR,https://www.homelab.co.id/shop/greeting-card-kartu-ucapan-88196-balon-hbirthday,https://cf.shopee.co.id/file/51466b61e070a81540bc39a2e2e7a63b,Homelab
M1-Thankyou-1731183868201961028,Greeting Card - Matcha Stay Hom,"Greeting Card varian Matcha Stay Hom dari Homelab cocok untuk memberi pilihan fleksibel untuk penerima hadiah Homelab. Anda mendapatkan pilihan produk yang praktis untuk kebutuhan harian, gifting, atau persiapan minuman di rumah dan cafe. Homelab Greeting Card / Kartu Ucapan Bisa request tulisan tangan di belakang. Mohon tulis di bagian keterangan / komentar pas checkout. Kartu Ucapan harus beli dengan produk Homelab lainnya. Ukuran A6 (105 x 148 mm). Bahan Fancy Felt (kertas tebal, textur kasar) Design gambar dari painting artist Indonesia. Printing 2 Checkout mudah melalui marketplace resmi Homelab.",in stock,new,10000 IDR,https://www.homelab.co.id/shop/greeting-card-kartu-ucapan-61028-m1-thankyou,https://cf.shopee.co.id/file/51466b61e070a81540bc39a2e2e7a63b,Homelab
M2-StaySafe-1731183868201961028,Greeting Card - Matcha Thank Y,"Greeting Card varian Matcha Thank Y dari Homelab cocok untuk memberi pilihan fleksibel untuk penerima hadiah Homelab. Anda mendapatkan pilihan produk yang praktis untuk kebutuhan harian, gifting, atau persiapan minuman di rumah dan cafe. Homelab Greeting Card / Kartu Ucapan Bisa request tulisan tangan di belakang. Mohon tulis di bagian keterangan / komentar pas checkout. Kartu Ucapan harus beli dengan produk Homelab lainnya. Ukuran A6 (105 x 148 mm). Bahan Fancy Felt (kertas tebal, textur kasar) Design gambar dari painting artist Indonesia. Printing 2 Checkout mudah melalui marketplace resmi Homelab.",out of stock,new,10000 IDR,https://www.homelab.co.id/shop/greeting-card-kartu-ucapan-61028-m2-staysafe,https://cf.shopee.co.id/file/51466b61e070a81540bc39a2e2e7a63b,Homelab
Balon-HBirthday-1731183868201961028,Greeting Card - Birthday,"Greeting Card varian Birthday dari Homelab cocok untuk memberi pilihan fleksibel untuk penerima hadiah Homelab. Anda mendapatkan pilihan produk yang praktis untuk kebutuhan harian, gifting, atau persiapan minuman di rumah dan cafe. Homelab Greeting Card / Kartu Ucapan Bisa request tulisan tangan di belakang. Mohon tulis di bagian keterangan / komentar pas checkout. Kartu Ucapan harus beli dengan produk Homelab lainnya. Ukuran A6 (105 x 148 mm). Bahan Fancy Felt (kertas tebal, textur kasar) Design gambar dari painting artist Indonesia. Printing 2 Checkout mudah melalui marketplace resmi Homelab.",in stock,new,9800 IDR,https://www.homelab.co.id/shop/greeting-card-kartu-ucapan-61028-balon-hbirthday,https://cf.shopee.co.id/file/51466b61e070a81540bc39a2e2e7a63b,Homelab
Toples100gr-PalmSugar,100% Organic Healthy Palm Sugar - Organik G...,"100% Organic Healthy Palm Sugar - Organik G... dari Homelab cocok untuk melengkapi setup matcha dan minuman harian. Anda mendapatkan pilihan produk yang praktis untuk kebutuhan harian, gifting, atau persiapan minuman di rumah dan cafe. 100% Organic Palm Sugar - Organik Gula Aren Premium Spesifikasi: ✔️100g Gula Aren ✔️100% Organik ✔️ Di proses natural tanpa pemurnian ❌ Tanpa pengawet ❌ Tanpa Pewarna Cara penyimpanan: Simpan di tempat sejuk dan terhindar dari sinar matahari langsung. Organic palm sugar memiliki dampak yang relatif lebih rend Checkout mudah melalui marketplace resmi Homelab.",in stock,new,35650 IDR,https://www.homelab.co.id/shop/toples100gr-palmsugar,https://cf.shopee.co.id/file/id-11134207-8224p-mji56aqb4mwzb9,Homelab
SendokTakar-BulatGold-1730557156973315652,Matcha Measuring Spoon / Sendok Takar - Hig... - Bulat Gold,"Matcha Measuring Spoon / Sendok Takar - Hig... varian Bulat Gold dari Homelab cocok untuk melengkapi setup matcha dan minuman harian. Anda mendapatkan pilihan produk yang praktis untuk kebutuhan harian, gifting, atau persiapan minuman di rumah dan cafe. Homelab Matcha Measuring Spoon / Sendok Takar - High Quality Stainless Steel Spesifikasi: •⁠ ⁠Bahan: Stainless steel berkualitas tinggi •⁠ ⁠Warna & Variant: Silver & Gold Stainless Steel bulat, Silver & Black Petak. •⁠ ⁠Panjang: 11 cm •⁠ ⁠Kapasitas: 1 scoop = 1-1.5 gram matcha ceremonial (tergantung kehalusan matc Checkout mudah melalui marketplace resmi Homelab.",in stock,new,125000 IDR,https://www.homelab.co.id/shop/matcha-measuring-spoon-sendok-takar-high-quality-stainl-15652-sendoktakar-bulatgold,https://cf.shopee.co.id/file/id-11134207-7rasd-m0ppb8zjwun4f9,Homelab
SendokTakar-BulatSilver,Matcha Measuring Spoon / Sendok Takar - Hig... - Bulat Silver,"Matcha Measuring Spoon / Sendok Takar - Hig... varian Bulat Silver dari Homelab cocok untuk melengkapi setup matcha dan minuman harian. Anda mendapatkan pilihan produk yang praktis untuk kebutuhan harian, gifting, atau persiapan minuman di rumah dan cafe. Homelab Matcha Measuring Spoon / Sendok Takar - High Quality Stainless Steel Spesifikasi: •⁠ ⁠Bahan: Stainless steel berkualitas tinggi •⁠ ⁠Warna & Variant: Silver & Gold Stainless Steel bulat, Silver & Black Petak. •⁠ ⁠Panjang: 11 cm •⁠ ⁠Kapasitas: 1 scoop = 1-1.5 gram matcha ceremonial (tergantung kehalusan matc Checkout mudah melalui marketplace resmi Homelab.",in stock,new,109000 IDR,https://www.homelab.co.id/shop/sendoktakar-bulatsilver,https://cf.shopee.co.id/file/id-11134207-7rasd-m0ppb8zjwun4f9,Homelab
SendokTakar-PetakBlack,Matcha Measuring Spoon / Sendok Takar - Hig... - Petak Black,"Matcha Measuring Spoon / Sendok Takar - Hig... varian Petak Black dari Homelab cocok untuk melengkapi setup matcha dan minuman harian. Anda mendapatkan pilihan produk yang praktis untuk kebutuhan harian, gifting, atau persiapan minuman di rumah dan cafe. Homelab Matcha Measuring Spoon / Sendok Takar - High Quality Stainless Steel Spesifikasi: •⁠ ⁠Bahan: Stainless steel berkualitas tinggi •⁠ ⁠Warna & Variant: Silver & Gold Stainless Steel bulat, Silver & Black Petak. •⁠ ⁠Panjang: 11 cm •⁠ ⁠Kapasitas: 1 scoop = 1-1.5 gram matcha ceremonial (tergantung kehalusan matc Checkout mudah melalui marketplace resmi Homelab.",in stock,new,82500 IDR,https://www.homelab.co.id/shop/sendoktakar-petakblack,https://cf.shopee.co.id/file/id-11134207-7rasd-m0ppb8zjwun4f9,Homelab
SendokTakar-PetakSilver,Matcha Measuring Spoon / Sendok Takar - Hig... - Petak Silver,"Matcha Measuring Spoon / Sendok Takar - Hig... varian Petak Silver dari Homelab cocok untuk melengkapi setup matcha dan minuman harian. Anda mendapatkan pilihan produk yang praktis untuk kebutuhan harian, gifting, atau persiapan minuman di rumah dan cafe. Homelab Matcha Measuring Spoon / Sendok Takar - High Quality Stainless Steel Spesifikasi: •⁠ ⁠Bahan: Stainless steel berkualitas tinggi •⁠ ⁠Warna & Variant: Silver & Gold Stainless Steel bulat, Silver & Black Petak. •⁠ ⁠Panjang: 11 cm •⁠ ⁠Kapasitas: 1 scoop = 1-1.5 gram matcha ceremonial (tergantung kehalusan matc Checkout mudah melalui marketplace resmi Homelab.",in stock,new,62500 IDR,https://www.homelab.co.id/shop/sendoktakar-petaksilver,https://cf.shopee.co.id/file/id-11134207-7rasd-m0ppb8zjwun4f9,Homelab
SendokTakar-BulatGold-1730557156973315652-2,Matcha Measuring Spoon / Sendok Takar - Hig... - Bulat Gold,"Matcha Measuring Spoon / Sendok Takar - Hig... varian Bulat Gold dari Homelab cocok untuk melengkapi setup matcha dan minuman harian. Anda mendapatkan pilihan produk yang praktis untuk kebutuhan harian, gifting, atau persiapan minuman di rumah dan cafe. Homelab Matcha Measuring Spoon / Sendok Takar - High Quality Stainless Steel Spesifikasi: •⁠ ⁠Bahan: Stainless steel berkualitas tinggi •⁠ ⁠Warna & Variant: Silver & Gold Stainless Steel bulat, Silver & Black Petak. •⁠ ⁠Panjang: 11 cm •⁠ ⁠Kapasitas: 1 scoop = 1-1.5 gram matcha ceremonial (tergantung kehalusan matc Checkout mudah melalui marketplace resmi Homelab.",in stock,new,125000 IDR,https://www.homelab.co.id/shop/matcha-measuring-spoon-sendok-takar-high-quality-stainl-15652-sendoktakar-bulatgold-2,https://cf.shopee.co.id/file/id-11134207-7rasd-m0ppb8zjwun4f9,Homelab
DairyCreamer700gr,Dairy Creamer Premium- Krimer Susu Premium...,"Dairy Creamer Premium- Krimer Susu Premium... dari Homelab cocok untuk melengkapi setup matcha dan minuman harian. Anda mendapatkan pilihan produk yang praktis untuk kebutuhan harian, gifting, atau persiapan minuman di rumah dan cafe. Tingkatkan rasa minuman Anda dengan Dairy Creamer Premium dari Homelab. Dengan kemasan 700g, creamer ini dirancang khusus untuk memperkaya minuman Anda dengan tekstur yang lembut dan rasa yang gurih. Baik diaduk ke dalam kopi, teh, atau cokelat panas, ia menciptakan konsistensi yang halus dan velvety yang membuat se Checkout mudah melalui marketplace resmi Homelab.",in stock,new,59990 IDR,https://www.homelab.co.id/shop/dairycreamer700gr,https://cf.shopee.co.id/file/id-11134207-7r98u-lvk2dmi9ebgt75,Homelab
PouchS200gr-EarlGrey,Bubuk minuman EARL GREY - Drink Powder 200g,"Bubuk minuman EARL GREY - Drink Powder 200g dari Homelab cocok untuk melengkapi setup matcha dan minuman harian. Anda mendapatkan pilihan produk yang praktis untuk kebutuhan harian, gifting, atau persiapan minuman di rumah dan cafe. Bubuk Minuman EARL GREY - Halal Nikmati kombinasi aromatik sitrus bergamot calamansi, dan jeruk nipis, serta teh hitam pilihan yang menenangkan Enak diseduh dengan susu apapun ( susu / soy / oat/ almond) Cara seduh Earl Grey dingin: - Gunakan 20g bubuk Earl Grey (1 sampai 2 sendok makan) - Aduk dengan 20ml air pan Checkout mudah melalui marketplace resmi Homelab.",out of stock,new,95000 IDR,https://www.homelab.co.id/shop/pouchs200gr-earlgrey,https://cf.shopee.co.id/file/id-11134207-7r98r-ln6vyn3b0c0n11,Homelab
MatchaScoop-A,Matcha Bamboo Spoon / Sendok Takar Matcha B...,"Matcha Bamboo Spoon / Sendok Takar Matcha B... varian A dari Homelab cocok untuk melengkapi setup matcha dan minuman harian. Anda mendapatkan pilihan produk yang praktis untuk kebutuhan harian, gifting, atau persiapan minuman di rumah dan cafe. Homelab Matcha Bamboo Spoon / Sendok Takar Matcha Bambu Spesifikasi Produk: Matcha Bamboo Spoon: * Bahan: Terbuat dari bambu pilihan yang kuat, menghasilkan kualitas yang awet dan tahan lama. * Proses Pembuatan: Dibuat dengan kerajinan tangan (hand-crafted), memberikan detail dan keunikan pada setiap sendok. * Fung Checkout mudah melalui marketplace resmi Homelab.",in stock,new,165000 IDR,https://www.homelab.co.id/shop/matchascoop-a,https://cf.shopee.co.id/file/id-11134207-7rash-m29d6y65zo22a9,Homelab
MatchaScoop-B,Matcha Bamboo Spoon / Sendok Takar Matcha B...,"Matcha Bamboo Spoon / Sendok Takar Matcha B... varian B dari Homelab cocok untuk melengkapi setup matcha dan minuman harian. Anda mendapatkan pilihan produk yang praktis untuk kebutuhan harian, gifting, atau persiapan minuman di rumah dan cafe. Homelab Matcha Bamboo Spoon / Sendok Takar Matcha Bambu Spesifikasi Produk: Matcha Bamboo Spoon: * Bahan: Terbuat dari bambu pilihan yang kuat, menghasilkan kualitas yang awet dan tahan lama. * Proses Pembuatan: Dibuat dengan kerajinan tangan (hand-crafted), memberikan detail dan keunikan pada setiap sendok. * Fung Checkout mudah melalui marketplace resmi Homelab.",in stock,new,165000 IDR,https://www.homelab.co.id/shop/matchascoop-b,https://cf.shopee.co.id/file/id-11134207-7rash-m29d6y65zo22a9,Homelab
MatchaScoop-C,Matcha Bamboo Spoon / Sendok Takar Matcha B...,"Matcha Bamboo Spoon / Sendok Takar Matcha B... varian C dari Homelab cocok untuk melengkapi setup matcha dan minuman harian. Anda mendapatkan pilihan produk yang praktis untuk kebutuhan harian, gifting, atau persiapan minuman di rumah dan cafe. Homelab Matcha Bamboo Spoon / Sendok Takar Matcha Bambu Spesifikasi Produk: Matcha Bamboo Spoon: * Bahan: Terbuat dari bambu pilihan yang kuat, menghasilkan kualitas yang awet dan tahan lama. * Proses Pembuatan: Dibuat dengan kerajinan tangan (hand-crafted), memberikan detail dan keunikan pada setiap sendok. * Fung Checkout mudah melalui marketplace resmi Homelab.",in stock,new,165000 IDR,https://www.homelab.co.id/shop/matchascoop-c,https://cf.shopee.co.id/file/id-11134207-7rash-m29d6y65zo22a9,Homelab
MatchaScoop-D,Matcha Bamboo Spoon / Sendok Takar Matcha B...,"Matcha Bamboo Spoon / Sendok Takar Matcha B... varian D dari Homelab cocok untuk melengkapi setup matcha dan minuman harian. Anda mendapatkan pilihan produk yang praktis untuk kebutuhan harian, gifting, atau persiapan minuman di rumah dan cafe. Homelab Matcha Bamboo Spoon / Sendok Takar Matcha Bambu Spesifikasi Produk: Matcha Bamboo Spoon: * Bahan: Terbuat dari bambu pilihan yang kuat, menghasilkan kualitas yang awet dan tahan lama. * Proses Pembuatan: Dibuat dengan kerajinan tangan (hand-crafted), memberikan detail dan keunikan pada setiap sendok. * Fung Checkout mudah melalui marketplace resmi Homelab.",in stock,new,165000 IDR,https://www.homelab.co.id/shop/matchascoop-d,https://cf.shopee.co.id/file/id-11134207-7rash-m29d6y65zo22a9,Homelab
MatchaScoop-E,Matcha Bamboo Spoon / Sendok Takar Matcha B...,"Matcha Bamboo Spoon / Sendok Takar Matcha B... varian E dari Homelab cocok untuk melengkapi setup matcha dan minuman harian. Anda mendapatkan pilihan produk yang praktis untuk kebutuhan harian, gifting, atau persiapan minuman di rumah dan cafe. Homelab Matcha Bamboo Spoon / Sendok Takar Matcha Bambu Spesifikasi Produk: Matcha Bamboo Spoon: * Bahan: Terbuat dari bambu pilihan yang kuat, menghasilkan kualitas yang awet dan tahan lama. * Proses Pembuatan: Dibuat dengan kerajinan tangan (hand-crafted), memberikan detail dan keunikan pada setiap sendok. * Fung Checkout mudah melalui marketplace resmi Homelab.",in stock,new,135000 IDR,https://www.homelab.co.id/shop/matchascoop-e,https://cf.shopee.co.id/file/id-11134207-7rash-m29d6y65zo22a9,Homelab
MC-KyoOrganic,Kyo Matcha 20g,"Kyo Matcha 20g dari Homelab cocok untuk melengkapi setup matcha dan minuman harian. Anda mendapatkan pilihan produk yang praktis untuk kebutuhan harian, gifting, atau persiapan minuman di rumah dan cafe. Homelab – Kyo Organic Uji Kyoto Ceremonial Organic Matcha (20g) Natural • Earthy • Clean Kyo Organic adalah ceremonial organic matcha dari Uji, Kyoto – Jepang dengan karakter rasa natural, earthy, dan clean. Menggunakan blend cultivar Okumidori, Yabukita, dan Goko dengan kombinasi 1st & 2nd harvest. Diproduksi dari Checkout mudah melalui marketplace resmi Homelab.",in stock,new,201000 IDR,https://www.homelab.co.id/shop/mc-kyoorganic,https://cf.shopee.co.id/file/id-11134207-822wr-mlbuv8tle1hrd1,Homelab
HLC-Matcha-01,Matcha Ceremonial Grade Organic 30g Powder - 01,"Matcha Ceremonial Grade Organic 30g Powder varian 01 dari Homelab cocok untuk melengkapi setup matcha dan minuman harian. Anda mendapatkan pilihan produk yang praktis untuk kebutuhan harian, gifting, atau persiapan minuman di rumah dan cafe. Netto : 30 gram Ceremonial Grade 100% Organic Matcha from Japan How to enjoy ceremonial matcha: - 1.5g or 2/3 teaspoon of matcha powder - 100ml of 75* C warm water - Whisk ingredients above until frothy, smooth & no visible clumps Checkout mudah melalui marketplace resmi Homelab.",in stock,new,499990 IDR,https://www.homelab.co.id/shop/hlc-matcha-01,https://cf.shopee.co.id/file/id-11134207-7ra0u-mbeuew4hvalnd1,Homelab
HLC-Matcha-02,Matcha Ceremonial Grade Organic 30g Powder - 02,"Matcha Ceremonial Grade Organic 30g Powder varian 02 dari Homelab cocok untuk melengkapi setup matcha dan minuman harian. Anda mendapatkan pilihan produk yang praktis untuk kebutuhan harian, gifting, atau persiapan minuman di rumah dan cafe. Netto : 30 gram Ceremonial Grade 100% Organic Matcha from Japan How to enjoy ceremonial matcha: - 1.5g or 2/3 teaspoon of matcha powder - 100ml of 75* C warm water - Whisk ingredients above until frothy, smooth & no visible clumps Checkout mudah melalui marketplace resmi Homelab.",in stock,new,379990 IDR,https://www.homelab.co.id/shop/hlc-matcha-02,https://cf.shopee.co.id/file/id-11134207-7ra0u-mbeuew4hvalnd1,Homelab
HLC-Matcha-03,Matcha Ceremonial Grade Organic 30g Powder - 03,"Matcha Ceremonial Grade Organic 30g Powder varian 03 dari Homelab cocok untuk melengkapi setup matcha dan minuman harian. Anda mendapatkan pilihan produk yang praktis untuk kebutuhan harian, gifting, atau persiapan minuman di rumah dan cafe. Netto : 30 gram Ceremonial Grade 100% Organic Matcha from Japan How to enjoy ceremonial matcha: - 1.5g or 2/3 teaspoon of matcha powder - 100ml of 75* C warm water - Whisk ingredients above until frothy, smooth & no visible clumps Checkout mudah melalui marketplace resmi Homelab.",in stock,new,299990 IDR,https://www.homelab.co.id/shop/hlc-matcha-03,https://cf.shopee.co.id/file/id-11134207-7ra0u-mbeuew4hvalnd1,Homelab
WoodenMatcha-GiftSet,Matcha Gift Set / Set Hadiah Matcha,"Matcha Gift Set / Set Hadiah Matcha dari Homelab cocok untuk melengkapi setup matcha dan minuman harian. Anda mendapatkan pilihan produk yang praktis untuk kebutuhan harian, gifting, atau persiapan minuman di rumah dan cafe. Homelab Matcha Gift Set / Set Hadiah Matcha Spesifikasi Produk: Matcha Gift Set * Ukuran Box: Tinggi 10 cm, Lebar 22 cm, Panjang 24 cm. Terbuat dari kayu berkualitas, memberikan kesan elegan dan alami. Cocok sebagai hadiah bagi penggemar matcha, hadiah ulang tahun, atau untuk koleksi pribadi. * Isi Box: * Matcha Ca Checkout mudah melalui marketplace resmi Homelab.",in stock,new,899900 IDR,https://www.homelab.co.id/shop/woodenmatcha-giftset,https://cf.shopee.co.id/file/id-11134207-7ras8-m29e9pw7shxc6f,Homelab
shopee-2965254887,Black Sesame Powder 100g,"Black Sesame Powder 100g dari Homelab cocok untuk menikmati produk Homelab dengan cara yang lebih praktis. Anda mendapatkan pilihan produk yang praktis untuk kebutuhan harian, gifting, atau persiapan minuman di rumah dan cafe. Produk ditemukan dari file media Shopee. Harga dan varian belum tersedia di file ini. Checkout mudah melalui marketplace resmi Homelab.",out of stock,new,,https://www.homelab.co.id/shop/shopee-2965254887,https://cf.shopee.co.id/file/17d0941b5e5ef107a58ce37f18dde74d,Homelab
shopee-10850396951,Cordless Hand Mixer - Pengocok / Pengaduk T...,"Cordless Hand Mixer - Pengocok / Pengaduk T... dari Homelab cocok untuk menikmati produk Homelab dengan cara yang lebih praktis. Anda mendapatkan pilihan produk yang praktis untuk kebutuhan harian, gifting, atau persiapan minuman di rumah dan cafe. Produk ditemukan dari file media Shopee. Harga dan varian belum tersedia di file ini. Checkout mudah melalui marketplace resmi Homelab.",out of stock,new,,https://www.homelab.co.id/shop/shopee-10850396951,https://cf.shopee.co.id/file/23a2e2dffb213f42085616a1c090d5c2,Homelab
